State,Account length,Area code,International plan,Voice mail plan,Number of mail messages
KS,128,415,No,Yes,25
OH,107,415,No,Yes,26
NJ,137,415,No,No,0
OH,84,408,Yes,No,0
OK,75,415,Yes,No,0
AL,118,510,Yes,No,0
MA,121,510,No,Yes,24
MO,147,415,Yes,No,0
LA,117,408,No,No,0
WV,141,415,Yes,Yes,37
IN,65,415,No,No,0
RI,74,415,No,No,0
IA,168,408,No,No,0
MT,95,510,No,No,0
IA,62,415,No,No,0
NY,161,415,No,No,0
ID,85,408,No,Yes,27
VT,93,510,No,No,0
VA,76,510,No,Yes,33
TX,73,415,No,No,0
FL,147,415,No,No,0
CO,77,408,No,No,0
AZ,130,415,No,No,0
SC,111,415,No,No,0
VA,132,510,No,No,0
NE,174,415,No,No,0
WY,57,408,No,Yes,39
MT,54,408,No,No,0
MO,20,415,No,No,0
HI,49,510,No,No,0
IL,142,415,No,No,0
NH,75,510,No,No,0
LA,172,408,No,No,0
AZ,12,408,No,No,0
OK,57,408,No,Yes,25
GA,72,415,No,Yes,37
AK,36,408,No,Yes,30
MA,78,415,No,No,0
AK,136,415,Yes,Yes,33
NJ,149,408,No,No,0
GA,98,408,No,No,0
MD,135,408,Yes,Yes,41
AR,34,510,No,No,0
ID,160,415,No,No,0
WI,64,510,No,No,0
OR,59,408,No,Yes,28
MI,65,415,No,No,0
DE,142,408,No,No,0
ID,119,415,No,No,0
WY,97,415,No,Yes,24
IA,52,408,No,No,0
IN,60,408,No,No,0
VA,10,408,No,No,0
UT,96,415,No,No,0
WY,87,415,No,No,0
IN,81,408,No,No,0
CO,141,415,No,No,0
CO,121,408,No,Yes,30
WI,68,415,No,No,0
OK,125,408,No,No,0
ID,174,408,No,No,0
CA,116,415,No,Yes,34
MN,74,510,No,Yes,33
SD,149,408,No,Yes,28
NC,38,408,No,No,0
WA,40,415,No,Yes,41
WY,43,415,Yes,No,0
MN,113,408,Yes,No,0
UT,126,408,No,No,0
TX,150,510,No,No,0
NJ,138,408,No,No,0
MN,162,510,No,Yes,46
NM,147,510,No,No,0
NV,90,415,No,No,0
HI,85,415,No,No,0
MN,50,415,No,No,0
DC,82,415,No,No,0
NY,144,408,No,No,0
MN,46,415,No,No,0
MD,70,408,No,No,0
WV,144,415,No,No,0
OR,116,415,Yes,No,0
CO,55,408,No,Yes,25
GA,70,415,No,Yes,24
TX,106,510,No,No,0
VT,128,510,No,Yes,29
IN,94,408,No,No,0
WV,111,510,No,No,0
KY,74,415,No,Yes,35
NJ,128,415,No,No,0
DC,82,510,No,No,0
LA,155,415,No,No,0
AR,80,415,No,No,0
ME,78,415,No,No,0
AZ,90,415,No,No,0
AK,104,408,No,No,0
MT,73,415,No,No,0
AZ,99,415,No,No,0
MS,120,408,No,No,0
ID,77,415,No,No,0
IA,98,510,No,Yes,21
MA,108,415,No,No,0
VT,135,415,No,No,0
KY,95,408,No,No,0
IN,122,408,No,No,0
AZ,95,408,No,No,0
MI,36,510,No,Yes,29
NM,93,510,No,Yes,21
CO,141,415,No,Yes,32
UT,157,408,No,No,0
MI,120,408,No,No,0
MA,103,415,No,No,0
AL,98,408,No,No,0
DE,125,408,No,No,0
AZ,63,415,No,No,0
ME,36,510,Yes,Yes,42
NJ,64,510,No,No,0
NV,74,415,No,No,0
MO,112,510,No,Yes,36
ID,97,408,No,No,0
NE,46,408,No,No,0
TX,41,408,No,Yes,22
MD,121,510,No,No,0
MS,193,415,No,No,0
NV,130,510,No,No,0
AZ,85,408,No,No,0
MS,162,415,No,No,0
MS,61,510,No,Yes,27
TX,92,408,No,No,0
NE,131,408,No,Yes,36
NE,90,415,No,No,0
CA,75,408,No,No,0
NJ,78,415,No,No,0
TX,82,408,No,No,0
AR,163,408,No,No,0
AL,91,510,Yes,No,0
NY,75,415,No,Yes,21
FL,91,510,No,No,0
AK,127,510,No,Yes,36
NV,113,415,No,Yes,23
DE,110,510,No,No,0
MD,120,415,No,Yes,39
MI,157,415,No,Yes,28
VT,103,510,No,No,0
VT,117,408,Yes,No,0
MI,140,415,No,No,0
WA,127,408,No,No,0
UT,83,408,Yes,No,0
LA,121,408,No,No,0
RI,145,408,No,Yes,43
IA,113,408,No,No,0
NE,117,415,No,No,0
OH,65,408,No,No,0
RI,56,415,No,No,0
OK,96,415,No,No,0
LA,151,408,No,No,0
OH,83,415,No,No,0
VA,139,510,No,Yes,23
MO,6,510,No,No,0
FL,115,510,No,Yes,24
SC,87,415,No,No,0
VA,141,415,No,No,0
IA,141,510,No,Yes,36
MI,62,415,No,No,0
OK,146,415,No,No,0
DE,92,415,No,Yes,33
GA,185,510,No,Yes,31
DC,148,415,No,No,0
AZ,94,408,No,Yes,38
AL,32,510,No,No,0
CO,68,408,No,No,0
NH,64,408,No,Yes,27
NM,25,415,No,No,0
OR,65,415,No,No,0
LA,179,408,No,No,0
NE,94,415,No,No,0
MN,62,415,No,No,0
MI,127,415,No,No,0
AR,116,408,No,No,0
KS,70,408,No,No,0
WV,94,510,Yes,Yes,23
AK,126,415,No,No,0
NY,67,408,No,Yes,36
NH,19,408,No,No,0
VA,170,510,Yes,No,0
NM,73,415,No,No,0
NY,106,408,No,No,0
AZ,93,415,No,No,0
WY,164,510,No,No,0
WA,51,408,No,No,0
CO,107,415,No,No,0
TX,130,415,No,No,0
KY,80,408,No,No,0
MT,94,415,No,No,0
OK,118,408,No,Yes,23
MD,117,415,No,Yes,23
TN,78,415,No,No,0
TX,208,510,No,No,0
ME,131,510,Yes,Yes,26
DC,63,408,No,No,0
MN,53,415,No,Yes,24
DE,62,408,No,No,0
MD,97,415,No,No,0
MI,105,510,No,No,0
WA,157,415,No,No,0
MO,66,415,No,Yes,36
IN,122,415,No,No,0
OR,38,415,No,No,0
MD,106,510,No,No,0
RI,99,510,No,No,0
LA,99,415,No,No,0
AZ,144,510,Yes,No,0
PA,82,415,No,Yes,24
AZ,86,408,No,Yes,31
FL,70,510,Yes,No,0
LA,93,415,No,No,0
FL,93,415,No,No,0
FL,120,415,No,No,0
MD,136,415,No,No,0
AL,106,415,No,No,0
WA,81,415,No,No,0
TN,127,408,No,Yes,22
MS,65,415,No,No,0
ME,35,408,No,No,0
OK,88,408,No,No,0
IN,65,415,No,No,0
MO,123,415,No,No,0
IA,126,408,No,Yes,27
VA,104,415,No,Yes,23
KY,45,415,No,Yes,22
MD,93,408,Yes,No,0
OH,63,415,Yes,Yes,36
OK,100,415,No,No,0
NV,53,415,No,No,0
ID,92,415,Yes,No,0
MN,139,510,No,No,0
SD,110,408,No,Yes,40
IL,110,408,No,No,0
WY,215,510,No,No,0
AL,73,415,No,No,0
NJ,138,510,No,No,0
NV,137,415,Yes,No,0
IN,36,415,No,No,0
WV,85,408,No,No,0
VA,108,408,No,No,0
SC,22,408,No,No,0
RI,107,415,No,Yes,37
IN,51,510,No,No,0
AZ,94,408,No,No,0
NM,119,510,No,Yes,23
OR,33,415,No,Yes,29
NJ,106,415,No,No,0
MS,82,408,No,No,0
MI,86,510,No,Yes,41
TX,97,415,Yes,No,0
FL,106,408,No,Yes,32
DC,108,510,No,No,0
TX,114,415,No,No,0
KS,92,408,Yes,No,0
UT,59,510,No,No,0
MN,24,510,No,Yes,25
IL,151,408,No,No,0
NM,117,415,No,No,0
SC,78,510,No,No,0
NC,155,408,No,No,0
WV,114,510,No,Yes,30
RI,114,510,No,Yes,28
NH,119,408,No,No,0
MO,64,510,No,Yes,48
MA,118,408,Yes,No,0
PA,101,415,No,No,0
OK,117,415,No,No,0
AL,49,415,No,Yes,28
WY,139,415,No,No,0
PA,92,408,No,Yes,28
WA,83,415,No,No,0
HI,148,510,Yes,No,0
SD,144,408,No,Yes,48
AL,131,415,No,Yes,25
VT,146,510,Yes,No,0
MT,143,415,No,No,0
MN,81,415,No,No,0
AK,48,415,No,Yes,37
MI,86,415,No,Yes,28
DE,71,415,No,No,0
SD,145,408,No,Yes,24
MI,137,510,No,No,0
KS,137,408,No,No,0
AL,167,510,No,No,0
OK,89,510,No,No,0
CT,199,415,No,Yes,34
NE,132,510,No,No,0
WI,94,510,No,No,0
CT,96,415,No,Yes,37
WI,96,510,No,Yes,18
IN,166,510,No,No,0
DC,74,415,No,No,0
AR,36,415,No,No,0
ME,113,415,No,No,0
MN,94,415,No,No,0
MD,67,415,No,No,0
FL,127,415,No,No,0
RI,121,408,No,No,0
IA,158,415,No,No,0
AZ,136,510,No,No,0
MO,196,415,No,No,0
VT,113,415,No,No,0
IN,122,408,No,No,0
RI,112,510,No,No,0
SD,209,415,No,No,0
MN,62,415,No,No,0
TX,110,415,No,Yes,38
VA,16,510,No,No,0
MA,73,408,No,No,0
ID,128,408,No,No,0
MA,39,408,No,No,0
GA,103,415,No,Yes,28
RI,119,415,No,Yes,29
ID,173,510,No,Yes,21
SD,128,510,Yes,Yes,32
MA,86,510,No,No,0
WY,114,415,No,Yes,32
VA,104,408,No,No,0
OR,148,415,No,No,0
VA,129,408,No,No,0
ME,100,510,No,Yes,30
AL,121,408,No,Yes,35
GA,143,408,No,Yes,33
IA,76,510,No,No,0
AZ,158,510,No,No,0
FL,116,510,No,No,0
MT,54,415,No,No,0
AL,86,415,No,No,0
DE,108,510,No,No,0
MT,66,510,No,No,0
KY,151,408,No,Yes,17
SC,99,510,No,No,0
WA,55,415,No,No,0
OR,77,510,No,No,0
AK,78,408,No,No,0
GA,89,415,No,No,0
MN,101,415,No,No,0
IL,44,415,No,Yes,34
IN,98,408,No,Yes,21
SC,64,510,No,Yes,37
VA,141,415,No,No,0
WI,81,415,No,Yes,33
VT,162,510,No,No,0
AZ,83,415,No,Yes,41
FL,100,510,No,No,0
AK,59,510,No,No,0
AR,179,415,Yes,Yes,38
AR,79,408,No,No,0
AK,117,415,No,No,0
MS,64,408,Yes,No,0
ME,31,415,No,No,0
CA,124,408,Yes,No,0
NM,122,408,No,Yes,23
NE,37,408,Yes,Yes,39
SC,90,408,No,Yes,29
CO,159,408,Yes,No,0
DE,148,415,No,No,0
OH,39,415,No,Yes,36
MS,77,408,No,No,0
OK,194,408,No,No,0
CO,154,415,No,No,0
NC,112,415,No,No,0
MD,45,415,No,No,0
KS,132,415,No,No,0
MA,128,415,No,No,0
NC,135,415,No,No,0
NM,56,408,No,No,0
CA,151,415,Yes,No,0
NY,32,415,No,No,0
AZ,90,415,No,No,0
SD,87,415,No,Yes,21
DC,138,415,No,No,0
ND,79,408,No,No,0
MO,95,415,Yes,No,0
KS,127,415,No,No,0
SD,137,510,No,No,0
OK,97,415,No,No,0
OR,149,415,Yes,No,0
IN,117,415,Yes,Yes,22
OH,84,408,No,No,0
KS,137,415,No,No,0
CT,99,415,No,No,0
NH,54,510,No,No,0
WI,85,415,No,No,0
MS,150,510,No,No,0
WV,43,415,No,No,0
MA,35,415,No,No,0
MD,98,415,No,No,0
PA,112,510,No,No,0
WI,16,510,No,No,0
TN,98,415,No,Yes,22
TX,84,408,No,No,0
OR,94,415,No,No,0
IL,84,510,No,No,0
DC,66,415,No,No,0
GA,98,415,No,Yes,31
ID,74,415,No,No,0
UT,96,408,No,Yes,26
KY,119,510,No,No,0
OH,73,415,No,No,0
WI,92,415,Yes,No,0
IL,21,415,No,No,0
DE,122,510,No,No,0
RI,133,510,Yes,No,0
TX,145,415,No,No,0
OR,25,408,No,No,0
NV,64,415,No,No,0
NE,85,415,No,No,0
MS,126,415,No,No,0
OR,76,415,No,No,0
DE,113,415,No,No,0
DE,224,510,Yes,No,0
AZ,117,408,No,No,0
SD,128,408,No,Yes,34
NV,115,415,No,No,0
NM,141,415,No,Yes,28
MN,51,510,No,No,0
NJ,100,415,No,No,0
IN,96,415,No,Yes,45
DC,112,415,No,Yes,16
MA,129,510,Yes,No,0
ME,163,415,No,No,0
NH,67,415,No,Yes,40
AZ,140,408,No,No,0
OR,49,510,No,No,0
KS,46,510,No,No,0
NE,148,415,No,No,0
MI,112,510,No,No,0
SC,78,415,No,No,0
PA,61,408,No,Yes,31
MT,58,510,No,Yes,29
NM,155,415,No,No,0
OH,100,510,No,No,0
WY,113,510,No,No,0
MI,81,415,No,No,0
AR,135,510,No,Yes,27
FL,99,408,No,No,0
AR,59,510,No,Yes,29
MO,135,510,No,No,0
WI,85,408,Yes,No,0
TX,70,510,No,No,0
TX,88,510,No,No,0
NM,55,510,No,No,0
GA,75,415,No,No,0
ID,79,510,No,Yes,21
AL,85,408,No,No,0
KS,86,408,No,Yes,23
SD,91,510,No,No,0
LA,149,415,No,Yes,20
OH,97,408,No,No,0
MA,88,415,No,No,0
AZ,60,415,No,No,0
KY,54,408,No,No,0
DC,11,415,No,Yes,28
WA,109,415,No,No,0
UT,90,415,No,No,0
RI,115,408,No,No,0
OH,144,415,No,Yes,18
NV,91,408,No,No,0
ND,105,415,No,Yes,23
NV,71,415,Yes,No,0
FL,132,510,No,Yes,36
MD,112,415,No,No,0
AZ,86,415,No,Yes,32
AL,41,510,No,Yes,34
NE,44,415,No,No,0
NV,78,408,No,No,0
IL,149,408,No,No,0
WV,72,510,No,Yes,33
MI,139,415,No,Yes,20
AR,74,510,No,No,0
UT,50,510,No,No,0
GA,141,510,No,Yes,23
AZ,140,408,No,No,0
ID,99,408,No,No,0
HI,166,408,No,No,0
NV,124,408,No,No,0
MD,74,415,No,No,0
GA,117,510,No,No,0
GA,85,510,No,No,0
UT,36,415,No,Yes,16
MA,102,510,Yes,No,0
IN,76,415,No,No,0
VT,165,510,No,No,0
IA,130,415,No,No,0
IN,78,415,No,No,0
AL,55,415,Yes,No,0
ME,92,415,Yes,No,0
RI,129,415,No,Yes,33
MD,18,408,No,No,0
FL,161,415,Yes,No,0
CA,93,415,No,Yes,36
AL,144,415,No,No,0
ME,75,408,Yes,No,0
WV,95,415,No,No,0
SD,126,415,No,Yes,23
FL,124,415,No,Yes,28
MI,93,415,Yes,No,0
MI,109,415,Yes,Yes,26
NM,80,510,No,No,0
AK,41,415,No,No,0
OH,136,415,No,Yes,31
MO,92,415,No,No,0
KS,143,408,No,Yes,24
MS,118,415,No,Yes,26
VT,193,408,No,Yes,17
NE,73,415,No,No,0
VA,62,408,No,No,0
DE,30,415,No,Yes,30
AL,60,408,Yes,Yes,29
ID,148,510,No,Yes,14
MS,96,510,No,No,0
OK,52,408,No,No,0
NM,87,415,No,No,0
WI,41,408,No,No,0
WV,112,415,No,No,0
SC,88,510,No,No,0
KY,122,408,No,Yes,27
MO,61,408,No,No,0
IL,87,510,No,No,0
OK,176,408,No,No,0
MI,30,510,No,No,0
NJ,95,415,No,Yes,22
ID,46,415,No,No,0
DC,100,510,Yes,No,0
NY,47,415,No,Yes,37
AL,77,415,No,No,0
OR,98,415,No,Yes,38
OK,125,415,No,Yes,36
LA,67,510,No,No,0
NE,194,408,No,No,0
TX,128,415,No,Yes,40
UT,190,415,No,Yes,22
OR,165,415,No,No,0
NY,59,408,No,No,0
AL,47,408,No,Yes,28
RI,150,415,No,Yes,29
MN,152,415,Yes,Yes,20
NC,26,415,No,No,0
MD,79,510,No,Yes,31
RI,95,510,No,Yes,27
WI,69,510,Yes,No,0
VT,95,510,Yes,Yes,41
CT,31,415,No,Yes,31
OK,121,408,No,Yes,31
AK,111,415,No,No,0
NY,157,415,No,No,0
GA,44,510,No,No,0
UT,61,510,Yes,No,0
NM,65,415,No,No,0
NE,74,415,No,Yes,25
NJ,123,408,No,No,0
TX,58,408,No,Yes,20
MT,74,408,No,No,0
CO,125,415,No,No,0
VT,80,415,No,No,0
RI,53,408,No,Yes,18
WY,99,408,No,Yes,28
ID,99,415,No,No,0
CT,66,415,No,Yes,29
ME,97,510,No,No,0
AZ,75,510,No,Yes,37
MD,85,510,Yes,No,0
IN,108,510,No,No,0
NC,133,408,Yes,Yes,32
DE,51,510,No,No,0
MN,186,415,No,Yes,26
WI,44,415,Yes,No,0
FL,64,408,No,Yes,31
WV,44,510,No,No,0
SD,114,415,No,Yes,36
FL,92,415,No,No,0
OR,110,408,No,No,0
CO,90,408,No,Yes,30
CT,72,408,No,Yes,21
IN,113,415,No,No,0
PA,171,415,No,Yes,25
NM,104,415,No,No,0
ME,165,408,No,No,0
SD,104,510,No,No,0
AR,110,408,No,No,0
TX,90,408,Yes,No,0
NH,114,415,No,No,0
OK,101,408,No,No,0
WI,117,408,No,Yes,14
AL,109,408,No,No,0
PA,82,408,No,No,0
OK,92,510,No,No,0
ME,82,510,No,Yes,29
WV,90,415,No,No,0
HI,87,408,No,Yes,28
MN,124,510,No,No,0
NY,39,408,No,No,0
AZ,84,415,No,No,0
OH,75,510,No,Yes,46
MI,102,510,No,No,0
MA,62,415,Yes,No,0
WV,143,510,No,No,0
MI,53,415,No,No,0
NM,30,415,No,No,0
MO,112,415,No,No,0
RI,129,415,No,No,0
NC,63,415,No,Yes,29
WY,28,415,No,No,0
WY,111,415,No,No,0
PA,91,510,No,No,0
KY,90,415,No,No,0
OR,151,510,No,No,0
NV,105,415,Yes,Yes,29
DC,41,408,No,Yes,37
UT,48,510,No,Yes,43
WA,166,408,Yes,Yes,35
FL,79,510,No,No,0
VA,153,510,No,No,0
KS,110,415,Yes,No,0
KS,163,415,No,No,0
DC,126,510,No,No,0
ME,105,408,No,Yes,33
LA,172,415,No,No,0
DC,126,415,No,No,0
TX,97,510,No,No,0
NJ,95,408,Yes,Yes,37
DE,87,510,No,No,0
VT,97,415,No,No,0
GA,76,415,No,No,0
TX,140,408,No,No,0
MT,169,415,No,No,0
ND,68,408,No,Yes,22
NJ,122,415,No,Yes,34
MO,36,408,No,No,0
CO,120,510,No,Yes,27
KS,121,408,No,No,0
NC,64,408,No,Yes,19
MT,13,415,No,Yes,31
DE,106,415,No,No,0
ND,88,415,No,No,0
VA,74,408,No,No,0
IL,83,415,No,No,0
OK,49,415,No,No,0
CO,111,510,No,Yes,24
MT,50,415,No,Yes,22
WV,153,408,No,Yes,28
ME,88,415,No,No,0
WI,131,415,No,Yes,39
MO,79,408,No,No,0
NY,140,415,No,No,0
CT,105,408,No,No,0
AR,54,415,No,Yes,39
WY,87,415,No,Yes,22
CA,96,510,No,Yes,31
CA,79,510,No,No,0
MN,55,415,No,No,0
AK,130,415,No,No,0
VA,34,415,No,No,0
CO,139,415,No,No,0
MT,109,408,No,No,0
SD,65,408,No,Yes,31
NE,63,415,No,No,0
VT,152,415,No,No,0
ND,147,408,No,No,0
GA,112,415,No,Yes,22
OR,120,415,No,No,0
MT,27,510,No,No,0
WY,171,415,No,No,0
GA,101,415,No,Yes,33
WV,32,408,No,Yes,26
CT,3,415,No,Yes,36
IL,151,408,No,No,0
CO,60,408,No,No,0
DE,119,415,No,No,0
LA,43,415,No,No,0
MA,42,408,No,No,0
IN,84,408,No,No,0
NY,65,510,No,No,0
TX,75,415,Yes,No,0
KS,116,510,No,No,0
WV,107,415,No,No,0
NE,189,415,No,Yes,38
ND,123,408,No,No,0
AK,110,408,No,No,0
CO,63,415,No,Yes,32
ME,176,415,No,No,0
SC,108,510,No,No,0
MN,13,510,No,Yes,21
CO,71,415,No,No,0
KS,88,415,No,No,0
MS,137,510,No,No,0
NE,82,408,No,No,0
NJ,92,510,No,Yes,29
WI,165,510,No,No,0
MT,96,415,No,No,0
AR,156,415,No,No,0
WA,63,408,No,No,0
NH,37,415,No,No,0
IA,98,415,No,No,0
WV,121,415,No,No,0
RI,94,415,No,No,0
KS,99,415,No,No,0
MT,163,510,No,Yes,23
MO,161,510,No,No,0
HI,99,415,No,No,0
CO,108,415,No,No,0
CT,84,510,No,Yes,42
ID,83,415,Yes,Yes,32
DC,139,510,No,No,0
TN,69,510,No,No,0
WY,129,510,No,No,0
MO,106,415,No,No,0
VA,158,415,No,No,0
SD,168,415,No,Yes,22
WV,115,510,Yes,No,0
GA,57,408,Yes,Yes,30
AZ,67,415,No,No,0
AK,127,408,No,No,0
AK,78,510,No,No,0
CT,100,415,No,Yes,38
UT,103,510,No,Yes,36
KY,113,415,No,No,0
MI,78,510,No,No,0
OR,129,510,No,Yes,36
TN,57,510,No,No,0
WV,82,408,No,No,0
NJ,64,415,No,No,0
MS,86,510,No,Yes,39
ME,151,415,No,Yes,26
WY,94,510,No,No,0
WY,90,415,No,No,0
IN,48,510,No,No,0
NM,85,408,No,Yes,37
NJ,93,415,Yes,Yes,20
DC,169,415,Yes,No,0
UT,68,415,No,No,0
KY,91,415,Yes,No,0
KS,68,510,No,No,0
MI,101,510,No,No,0
UT,67,510,No,Yes,20
NE,66,415,No,No,0
FL,116,415,No,Yes,17
LA,158,408,No,No,0
MT,78,415,No,No,0
WA,119,415,No,Yes,26
MI,120,415,No,No,0
KY,155,510,No,No,0
LA,106,408,No,No,0
NM,87,510,Yes,No,0
AL,146,415,No,Yes,32
MO,101,415,No,Yes,29
CO,22,510,No,Yes,23
TX,90,415,No,No,0
NY,41,415,No,No,0
OR,69,415,No,No,0
WY,33,415,No,No,0
UT,112,415,No,No,0
LA,108,510,No,Yes,30
NV,136,415,No,Yes,21
NC,128,510,No,No,0
NC,27,408,No,No,0
WY,161,415,Yes,No,0
TN,33,415,No,Yes,35
FL,120,415,No,Yes,31
CA,113,415,No,No,0
PA,122,415,Yes,No,0
WV,148,415,No,Yes,26
NJ,74,415,No,No,0
MT,106,415,No,No,0
MN,179,415,No,No,0
WI,149,415,Yes,Yes,28
ID,77,510,No,No,0
MA,127,408,Yes,No,0
OR,80,415,No,No,0
MT,106,510,No,No,0
AL,61,415,No,Yes,20
ND,135,510,Yes,Yes,24
LA,115,415,No,Yes,26
ND,167,408,Yes,No,0
MS,107,510,Yes,No,0
WV,112,415,Yes,No,0
WI,35,510,No,Yes,27
KS,103,408,Yes,No,0
MO,107,415,No,Yes,22
PA,69,415,No,No,0
SD,85,408,No,No,0
NJ,24,408,No,No,0
AL,90,415,No,No,0
ME,137,510,No,No,0
AZ,92,415,Yes,Yes,45
VT,38,415,No,No,0
NV,69,510,Yes,Yes,33
WI,45,408,No,No,0
HI,73,408,No,No,0
DE,92,415,No,No,0
AZ,113,415,No,Yes,32
VA,68,408,Yes,No,0
GA,135,415,No,Yes,22
AZ,100,415,No,Yes,26
MN,96,415,No,Yes,27
ME,108,510,No,No,0
FL,84,510,No,No,0
WA,134,408,No,No,0
MT,72,415,No,No,0
AL,83,408,No,No,0
WV,137,408,No,No,0
GA,56,415,No,Yes,30
OH,61,510,Yes,Yes,16
DE,171,510,No,Yes,17
NE,123,510,No,No,0
FL,58,510,No,No,0
AK,156,510,No,No,0
WI,166,510,No,No,0
WA,75,510,No,Yes,41
KY,75,415,No,No,0
OH,83,510,No,No,0
UT,243,510,No,No,0
NM,153,408,No,No,0
MN,150,415,No,No,0
WV,92,510,No,Yes,16
MN,80,415,No,No,0
AL,134,415,No,No,0
PA,77,510,No,Yes,24
DE,147,510,No,No,0
MO,74,415,No,No,0
IL,138,510,Yes,No,0
FL,143,415,No,No,0
HI,64,415,No,No,0
ME,120,510,No,No,0
CO,121,408,Yes,No,0
NH,88,415,No,No,0
SC,87,408,No,No,0
IN,100,510,No,No,0
FL,104,415,No,No,0
GA,27,510,No,No,0
IL,81,415,No,Yes,31
NC,64,510,Yes,Yes,33
VT,107,510,No,Yes,28
DC,88,415,No,Yes,17
VT,111,408,No,No,0
NV,77,415,No,No,0
OR,67,415,Yes,No,0
AL,102,408,No,No,0
ND,146,408,No,Yes,19
FL,144,415,No,Yes,51
NE,96,415,No,No,0
ND,70,415,No,Yes,31
ME,149,408,No,No,0
IL,129,415,No,No,0
WA,166,408,No,No,0
MA,136,408,Yes,No,0
KS,149,510,No,No,0
RI,70,415,No,No,0
MO,120,415,No,Yes,24
IA,66,510,No,No,0
WY,104,408,No,No,0
NV,160,415,No,No,0
WI,129,415,No,Yes,37
AL,93,408,No,No,0
HI,169,415,No,No,0
MO,58,415,No,No,0
CA,75,510,No,Yes,38
MO,45,408,No,No,0
CT,155,510,No,No,0
MD,52,415,No,No,0
OH,119,415,No,Yes,27
NV,86,510,No,No,0
MD,42,408,No,No,0
NE,127,510,Yes,No,0
OH,123,408,No,No,0
MA,98,510,No,No,0
OK,149,510,No,Yes,43
MA,160,408,No,No,0
WA,103,415,No,No,0
HI,132,415,No,Yes,15
CO,137,415,No,No,0
FL,129,415,Yes,No,0
WI,62,415,No,No,0
ID,122,510,No,Yes,33
WY,32,408,No,No,0
GA,86,510,No,No,0
FL,130,415,No,No,0
WY,42,408,No,No,0
DE,73,415,No,No,0
ME,66,408,No,Yes,26
DC,103,510,No,Yes,31
IA,128,408,No,No,0
CO,104,415,No,No,0
MN,103,415,No,No,0
VT,124,415,No,No,0
AZ,87,510,No,No,0
LA,109,415,No,Yes,27
MO,167,415,Yes,No,0
ME,97,510,No,No,0
MD,106,415,No,No,0
VT,125,415,No,No,0
DC,108,408,No,Yes,35
WY,125,415,No,No,0
VA,89,415,No,Yes,32
VA,72,510,Yes,Yes,29
CT,23,510,No,No,0
HI,149,510,No,No,0
WI,73,415,No,No,0
MD,61,415,No,No,0
WV,161,415,No,No,0
VT,73,408,No,No,0
UT,118,415,No,Yes,24
CO,23,408,No,No,0
NC,127,415,No,Yes,25
NJ,42,415,No,Yes,32
AR,118,415,No,No,0
IA,45,510,No,No,0
GA,50,408,No,Yes,24
MO,179,510,No,No,0
MO,152,408,No,No,0
WY,105,415,No,No,0
HI,72,415,No,No,0
PA,52,408,No,No,0
TX,125,415,No,No,0
VA,143,510,No,No,0
RI,65,415,No,No,0
WI,80,415,No,No,0
MS,1,415,No,No,0
KY,60,408,No,No,0
NC,43,415,No,No,0
NV,143,415,No,No,0
UT,81,415,No,Yes,24
ME,205,510,No,Yes,24
HI,24,415,No,No,0
OH,74,415,No,No,0
WV,77,510,No,No,0
OK,74,415,No,No,0
KY,74,510,Yes,No,0
AL,200,408,No,No,0
MD,86,408,No,No,0
NE,91,510,No,Yes,37
DC,76,415,No,No,0
TX,130,415,No,No,0
OH,56,408,No,No,0
DE,117,415,No,No,0
IA,63,510,No,No,0
VT,126,415,No,No,0
OR,132,510,No,No,0
NV,81,415,No,Yes,28
NC,122,415,No,No,0
NJ,46,408,No,No,0
MN,150,415,No,Yes,28
ID,99,408,No,No,0
AL,87,408,No,No,0
AK,108,415,No,No,0
VT,101,415,No,No,0
PA,53,415,No,No,0
AK,132,415,No,Yes,39
CA,158,510,No,No,0
MS,114,415,No,Yes,34
AR,77,415,No,Yes,23
NV,144,415,Yes,No,0
AL,91,510,No,Yes,23
GA,58,408,No,No,0
AR,5,415,No,No,0
MA,97,408,No,No,0
NJ,107,415,No,No,0
MO,142,415,No,Yes,30
NY,9,408,No,Yes,31
AZ,73,415,No,No,0
NJ,48,510,No,Yes,22
WV,43,408,No,No,0
NM,122,408,No,Yes,33
SC,93,415,No,No,0
VT,85,415,No,No,0
TN,59,415,No,No,0
LA,87,415,No,No,0
OH,137,408,No,No,0
OR,21,510,No,Yes,31
DE,129,510,No,No,0
KY,104,415,No,No,0
GA,93,408,No,Yes,21
VT,63,415,No,No,0
OR,161,415,No,No,0
TX,50,510,No,No,0
MO,103,408,No,Yes,24
ND,84,415,No,Yes,33
MN,92,510,No,No,0
NV,77,415,No,No,0
NY,64,415,Yes,No,0
FL,159,415,No,Yes,15
KS,110,415,Yes,Yes,27
NV,138,510,No,No,0
NV,178,408,No,No,0
SC,38,415,No,Yes,31
MI,50,415,No,Yes,35
MI,45,510,No,Yes,26
TN,70,510,No,No,0
NY,147,510,No,Yes,33
NV,94,510,No,No,0
IL,179,510,No,No,0
MS,116,415,No,No,0
ND,59,510,No,No,0
NC,165,415,No,No,0
MI,133,408,No,No,0
TN,140,415,No,No,0
VT,93,408,No,Yes,32
OK,52,510,No,Yes,38
DE,64,415,No,Yes,27
ND,12,510,Yes,No,0
OR,48,415,No,No,0
NY,181,408,No,No,0
MO,168,415,No,Yes,42
FL,155,415,No,No,0
ND,105,510,No,No,0
NY,11,415,No,No,0
ND,182,415,No,No,0
NY,104,415,No,No,0
OH,102,415,No,No,0
AL,122,415,No,No,0
SC,41,415,No,No,0
GA,132,415,No,No,0
WY,76,415,No,No,0
WV,13,415,No,No,0
HI,115,415,No,Yes,33
WV,67,408,No,No,0
LA,154,510,No,No,0
AR,100,510,No,No,0
AK,146,510,Yes,No,0
DC,148,415,No,Yes,11
AL,67,415,No,Yes,28
UT,161,510,Yes,No,0
KS,70,415,No,No,0
MN,116,510,No,No,0
VA,99,415,No,Yes,42
UT,87,415,No,No,0
IN,87,510,No,No,0
CT,70,408,No,No,0
DE,131,408,No,No,0
VT,119,510,No,No,0
MO,119,408,No,Yes,32
RI,87,510,Yes,No,0
CA,112,415,No,No,0
RI,75,415,No,No,0
CT,150,510,No,No,0
IN,161,510,No,Yes,38
FL,91,510,Yes,Yes,24
KS,124,415,No,No,0
NY,94,510,Yes,No,0
TX,217,408,No,No,0
RI,158,510,No,No,0
NV,102,415,No,No,0
UT,85,510,No,No,0
OK,79,510,No,No,0
MN,139,510,No,Yes,25
NC,103,415,No,No,0
OR,98,415,Yes,No,0
NH,78,408,No,No,0
AK,50,408,No,No,0
OR,161,415,No,No,0
KS,67,408,No,No,0
WV,86,415,No,Yes,38
GA,92,510,No,No,0
NM,174,415,No,No,0
OH,124,510,No,No,0
ND,132,415,No,Yes,31
RI,190,415,No,Yes,26
HI,101,510,No,No,0
WY,185,415,Yes,Yes,30
NY,68,415,No,Yes,29
KS,117,510,No,Yes,25
LA,118,408,No,No,0
PA,124,415,No,No,0
NV,22,510,No,No,0
MN,75,415,No,No,0
PA,134,408,No,No,0
MO,164,408,No,Yes,25
NY,44,510,No,No,0
ME,177,415,No,No,0
NH,110,408,No,No,0
WY,53,415,No,Yes,27
NY,108,415,No,No,0
ME,80,408,No,No,0
MN,158,408,No,No,0
OH,114,415,No,No,0
NC,64,408,No,Yes,19
SD,88,415,No,No,0
UT,82,510,Yes,No,0
KY,111,415,No,No,0
MT,60,408,No,No,0
NJ,113,408,No,No,0
FL,109,408,No,No,0
IN,105,510,No,Yes,42
DE,85,510,No,No,0
AL,131,510,No,No,0
ME,59,510,No,No,0
SD,148,408,No,No,0
VA,210,408,No,No,0
AK,115,415,No,No,0
ID,106,510,No,No,0
RI,93,415,No,No,0
KY,57,415,No,Yes,29
ND,98,510,No,No,0
HI,157,415,No,No,0
WI,116,415,No,Yes,35
WV,30,510,No,No,0
NJ,111,510,No,No,0
KS,52,415,No,No,0
AL,72,415,No,No,0
NJ,135,510,No,Yes,28
NC,86,510,No,No,0
DE,98,415,No,Yes,29
WY,151,510,No,No,0
ID,118,415,No,No,0
NY,117,415,No,No,0
MO,55,510,No,No,0
ID,82,408,No,No,0
IA,152,415,No,No,0
TN,108,408,No,Yes,15
OH,98,408,No,No,0
IL,130,415,No,No,0
FL,136,408,Yes,No,0
MA,47,415,No,No,0
OK,189,415,No,No,0
KY,107,415,No,No,0
MI,91,415,No,No,0
NE,159,415,No,No,0
VA,11,408,No,Yes,24
NY,167,415,No,No,0
MT,111,408,No,No,0
VT,99,408,No,Yes,19
KS,159,415,No,Yes,19
VA,114,415,Yes,Yes,31
AL,71,415,No,No,0
PA,122,415,No,No,0
AL,100,408,No,Yes,25
WV,83,415,No,Yes,37
NV,64,408,No,No,0
TN,105,408,No,No,0
ID,144,415,No,Yes,33
WY,106,415,Yes,Yes,26
TX,19,510,No,Yes,34
MA,46,408,No,No,0
IL,127,510,No,No,0
LA,9,415,No,Yes,39
CO,157,415,No,No,0
UT,105,415,No,No,0
MI,105,415,No,Yes,29
NH,155,408,No,No,0
ID,31,415,No,No,0
WA,161,415,No,No,0
MN,95,408,No,Yes,32
NY,122,415,No,No,0
MD,37,415,Yes,No,0
GA,132,415,No,No,0
HI,119,408,No,Yes,24
AL,16,408,No,No,0
CT,99,408,No,No,0
CO,76,408,No,Yes,26
KS,167,415,No,No,0
NJ,129,415,No,No,0
FL,116,408,No,No,0
CA,60,415,Yes,No,0
KS,128,415,No,No,0
TX,47,408,No,Yes,28
MN,40,510,Yes,No,0
AK,173,510,No,No,0
OR,157,510,No,Yes,30
MS,66,408,No,Yes,32
VT,50,415,Yes,Yes,26
UT,72,415,No,No,0
KS,130,510,No,No,0
NV,143,408,No,No,0
DE,89,510,Yes,No,0
IN,108,415,No,No,0
TX,32,408,No,No,0
MA,166,415,No,No,0
VT,109,408,No,No,0
CA,72,408,No,Yes,39
IA,134,415,No,Yes,32
NH,13,415,No,No,0
GA,90,415,No,No,0
WI,111,415,No,Yes,36
CO,101,408,No,Yes,23
SC,72,415,No,No,0
MI,67,510,No,Yes,35
MD,172,408,No,No,0
IN,154,510,No,Yes,32
ME,69,510,No,No,0
DC,123,415,No,No,0
TN,130,415,No,Yes,12
FL,142,415,No,Yes,26
WA,29,415,No,No,0
HI,87,408,No,Yes,28
NE,149,415,No,No,0
TN,146,408,Yes,No,0
MD,88,415,Yes,No,0
NM,119,415,Yes,Yes,15
VT,48,510,No,No,0
OR,135,415,No,No,0
IN,100,510,No,No,0
MO,98,415,No,No,0
FL,75,510,No,Yes,26
DC,180,415,No,Yes,33
VT,100,415,No,Yes,25
OH,119,415,No,Yes,35
MO,86,415,No,No,0
LA,155,408,No,Yes,39
IL,78,415,Yes,No,0
NJ,153,415,No,No,0
IA,92,510,No,Yes,25
WA,13,510,No,Yes,25
NE,154,415,No,No,0
CT,144,510,Yes,Yes,35
WV,48,408,No,No,0
ND,94,408,No,No,0
UT,139,415,No,No,0
MS,126,415,No,No,0
MN,122,415,No,No,0
NH,139,510,No,No,0
LA,95,415,No,No,0
ME,80,408,No,Yes,31
KS,131,415,No,Yes,28
KS,36,510,No,No,0
NV,180,510,No,No,0
MT,25,415,No,No,0
MT,113,415,No,No,0
ID,88,415,No,Yes,31
AK,120,415,No,No,0
UT,74,415,No,No,0
AR,109,510,No,No,0
LA,162,510,No,Yes,33
KS,124,510,No,Yes,37
OR,177,408,No,No,0
WI,91,510,No,No,0
CO,105,408,No,No,0
KS,24,510,No,No,0
IL,48,510,No,No,0
IA,86,408,No,No,0
AZ,163,510,No,No,0
NE,91,510,No,No,0
ID,56,510,No,No,0
OH,147,415,Yes,Yes,24
TX,64,415,No,No,0
TN,108,510,No,Yes,34
OK,159,510,No,No,0
ND,136,510,Yes,No,0
MT,116,415,No,Yes,35
NC,45,408,No,Yes,38
MN,122,415,No,No,0
MN,138,415,No,No,0
MA,132,415,No,No,0
PA,101,415,Yes,No,0
GA,58,510,No,No,0
NV,81,415,No,No,0
TX,87,415,No,No,0
ME,116,510,No,No,0
RI,85,415,Yes,No,0
MN,62,510,No,Yes,33
NH,90,415,No,No,0
TN,98,415,No,No,0
UT,73,415,No,No,0
RI,107,510,Yes,No,0
NH,55,408,No,Yes,20
AK,76,415,No,Yes,22
NC,30,510,No,No,0
AZ,157,415,No,No,0
MA,40,408,No,Yes,31
TN,72,408,No,No,0
WY,95,415,No,Yes,39
IA,42,415,No,No,0
IN,86,415,No,No,0
NJ,131,415,No,No,0
FL,55,510,No,Yes,45
MT,74,415,No,No,0
ND,81,408,Yes,Yes,37
MI,81,408,No,No,0
MT,28,415,No,No,0
AL,111,510,No,No,0
NV,3,510,No,Yes,27
MI,51,415,No,No,0
FL,68,415,No,Yes,24
NY,163,408,No,No,0
KS,87,510,No,No,0
NC,58,510,No,No,0
MN,109,408,No,No,0
RI,111,415,No,No,0
UT,144,415,No,No,0
OR,135,415,No,No,0
SC,109,415,No,Yes,46
IL,107,415,No,Yes,14
OH,149,408,No,No,0
MA,56,510,No,No,0
OR,129,408,No,No,0
CA,92,408,No,No,0
WV,67,415,No,Yes,30
VT,120,415,No,No,0
ID,166,415,No,No,0
OR,66,408,No,No,0
GA,76,408,No,No,0
ME,79,415,No,No,0
HI,98,415,No,Yes,31
AZ,141,510,No,Yes,22
UT,49,415,No,No,0
IA,46,510,No,No,0
CT,137,415,No,No,0
WA,171,408,No,No,0
VA,10,415,No,No,0
CO,88,510,No,No,0
LA,89,415,No,No,0
TX,82,415,No,No,0
SD,139,510,No,No,0
VA,87,415,No,No,0
NY,137,415,Yes,No,0
WA,45,510,No,No,0
WI,90,415,No,No,0
TN,103,415,No,No,0
CT,100,415,No,No,0
WA,110,510,No,No,0
NH,124,415,No,No,0
MT,10,510,No,No,0
NE,89,415,No,Yes,29
WA,121,408,No,No,0
WI,101,415,No,No,0
AR,103,415,No,Yes,31
WI,51,408,No,No,0
DE,2,415,Yes,No,0
NH,111,510,No,No,0
VA,118,415,No,No,0
TN,17,510,No,Yes,31
VA,130,408,No,No,0
ID,193,415,No,No,0
TN,114,510,No,No,0
AZ,137,415,No,No,0
MT,185,408,No,Yes,29
OK,101,408,No,No,0
ID,95,415,No,Yes,32
NV,7,408,No,Yes,30
KS,126,408,No,No,0
WY,71,415,No,No,0
MS,124,415,No,No,0
WY,97,510,Yes,No,0
TX,28,415,No,No,0
WA,90,415,Yes,No,0
HI,190,408,No,No,0
IL,31,415,No,Yes,28
AK,52,415,No,Yes,24
MD,73,510,No,No,0
MA,111,415,No,No,0
SD,98,415,No,No,0
PA,106,408,Yes,No,0
NC,111,408,No,No,0
VT,59,408,No,No,0
KY,71,510,No,Yes,22
WA,55,408,No,No,0
LA,13,415,No,No,0
WA,136,415,No,Yes,16
ME,123,408,No,No,0
WI,105,408,No,No,0
TX,50,408,No,Yes,31
IA,118,415,No,No,0
AZ,97,408,No,No,0
ND,51,510,No,No,0
VT,73,415,No,No,0
HI,35,415,No,No,0
WY,64,415,No,No,0
WV,63,510,No,No,0
OK,117,415,No,Yes,31
CT,115,415,No,No,0
UT,162,408,No,No,0
NY,89,415,No,No,0
VA,94,415,Yes,No,0
VT,129,408,No,No,0
SD,86,415,No,No,0
PA,96,510,No,No,0
ND,190,415,No,No,0
CT,80,408,No,No,0
SC,108,415,No,No,0
MI,97,408,No,Yes,32
VT,84,415,No,Yes,42
OH,65,415,No,No,0
VT,131,415,No,Yes,34
IL,58,415,Yes,Yes,43
MO,36,415,No,No,0
WI,54,415,No,No,0
NJ,45,510,No,No,0
GA,125,415,No,Yes,39
VT,72,415,No,Yes,21
CT,141,408,No,No,0
AZ,113,510,No,No,0
SD,20,415,No,Yes,35
CT,212,415,No,No,0
IN,99,415,Yes,No,0
OH,94,510,No,No,0
NY,40,510,No,No,0
NE,86,510,No,Yes,29
OK,101,415,No,No,0
NC,170,415,No,No,0
HI,105,510,No,No,0
UT,103,415,No,No,0
MD,140,415,Yes,Yes,27
VT,101,510,No,No,0
TX,98,408,No,Yes,19
AZ,104,408,No,No,0
VA,115,415,No,No,0
WI,112,408,No,No,0
NE,70,415,No,No,0
KY,126,510,No,No,0
NV,87,510,No,Yes,39
MT,125,510,No,No,0
MO,86,415,No,No,0
MS,73,415,No,Yes,31
NM,232,408,No,No,0
NJ,1,415,No,Yes,30
NH,133,408,No,No,0
NC,103,510,No,No,0
MT,131,415,No,Yes,24
SD,95,408,No,Yes,20
VA,182,415,No,No,0
LA,99,510,No,No,0
NV,27,510,No,No,0
AK,141,408,No,No,0
OH,29,415,Yes,Yes,37
NM,65,415,No,No,0
MI,81,415,Yes,No,0
MN,37,415,No,Yes,20
WY,107,510,No,Yes,31
WY,127,415,Yes,Yes,28
WA,78,408,No,No,0
NM,55,510,No,No,0
VA,86,415,No,Yes,30
RI,176,415,No,No,0
AL,96,415,Yes,No,0
WV,11,510,No,Yes,38
WV,48,415,No,Yes,34
NJ,127,510,No,No,0
TN,63,415,No,No,0
MI,79,510,No,No,0
UT,47,408,No,Yes,37
IL,89,415,Yes,Yes,19
MI,83,510,No,Yes,26
WI,126,415,Yes,Yes,34
ND,60,510,No,No,0
VT,122,415,No,No,0
WA,136,408,No,No,0
NC,172,408,No,Yes,47
ME,102,510,No,No,0
SD,113,415,Yes,No,0
WV,79,415,No,No,0
ID,55,510,No,Yes,8
LA,111,415,No,Yes,28
GA,160,415,No,No,0
FL,110,415,No,No,0
CO,192,415,No,No,0
NV,93,408,No,No,0
IN,101,415,No,Yes,33
VA,77,510,No,No,0
UT,105,415,No,Yes,40
UT,133,408,No,Yes,44
MO,131,408,No,No,0
CT,106,510,No,Yes,33
HI,118,415,No,No,0
MD,125,408,No,No,0
VA,95,415,No,No,0
MT,80,415,No,No,0
SC,145,408,No,No,0
CO,37,408,No,No,0
ID,87,415,No,No,0
AL,69,415,No,No,0
CO,83,510,No,No,0
UT,195,415,No,No,0
DE,67,415,Yes,Yes,35
OH,75,510,No,Yes,27
RI,123,415,No,Yes,27
FL,41,415,No,Yes,41
OH,75,415,No,No,0
MD,76,415,Yes,No,0
IL,86,415,Yes,No,0
PA,140,408,No,No,0
AZ,70,415,No,No,0
NH,121,510,No,Yes,35
RI,112,415,No,No,0
HI,118,415,No,No,0
NJ,66,415,No,Yes,16
WI,78,408,No,No,0
MD,129,415,No,Yes,34
OR,6,408,No,No,0
NV,107,510,Yes,No,0
AR,107,415,Yes,No,0
MT,138,415,No,No,0
CT,103,510,No,No,0
UT,116,415,No,Yes,44
GA,189,408,No,No,0
NV,161,415,No,No,0
TN,1,415,No,No,0
DE,89,408,No,No,0
NY,64,408,No,No,0
MT,126,415,No,Yes,30
IA,129,415,No,No,0
VT,128,510,No,Yes,32
LA,81,415,No,Yes,36
MT,114,510,No,No,0
NH,50,408,No,No,0
WV,86,415,No,No,0
ID,96,408,No,No,0
AZ,72,510,No,No,0
SC,64,510,No,Yes,40
WV,57,415,Yes,Yes,17
OH,65,510,No,No,0
MD,163,408,No,No,0
MD,136,415,No,No,0
MN,116,408,No,No,0
NE,93,408,No,No,0
MN,142,510,No,Yes,40
NY,92,408,No,No,0
HI,70,415,No,No,0
MO,22,408,No,Yes,14
NV,37,415,No,No,0
MA,51,415,No,No,0
NH,174,408,No,No,0
UT,68,415,No,No,0
FL,130,415,No,No,0
WA,104,415,No,No,0
CT,134,408,No,No,0
KY,108,415,No,Yes,35
NM,103,415,No,No,0
ND,62,510,No,No,0
NV,162,415,No,No,0
CA,93,510,No,Yes,19
ID,42,415,No,No,0
OK,155,415,No,Yes,23
IA,36,510,No,No,0
OH,143,415,No,No,0
NJ,197,510,No,No,0
IA,81,510,No,No,0
DE,138,510,Yes,No,0
CA,103,415,No,Yes,18
WY,127,510,Yes,No,0
OR,136,510,No,No,0
ME,99,415,No,No,0
AR,95,415,No,No,0
ME,118,408,Yes,Yes,21
WV,113,415,No,No,0
PA,128,408,Yes,No,0
HI,117,408,No,No,0
MT,48,415,No,Yes,36
DC,81,510,Yes,No,0
AR,57,510,No,No,0
MS,140,408,No,No,0
OH,107,510,No,Yes,38
MO,56,415,No,No,0
TX,159,415,No,No,0
MD,102,415,No,No,0
CT,107,408,No,No,0
SC,106,408,No,No,0
MI,225,415,No,No,0
SD,75,408,No,No,0
CO,86,415,No,No,0
ID,169,415,No,No,0
AZ,122,510,No,Yes,22
FL,106,408,No,No,0
MN,52,415,No,Yes,32
DE,79,415,No,Yes,34
MI,135,415,No,No,0
MS,70,408,No,No,0
MA,80,408,No,No,0
CA,37,415,No,No,0
MN,161,415,No,Yes,39
VT,137,510,No,No,0
CT,123,415,No,No,0
WV,80,415,No,Yes,38
WV,94,415,No,No,0
NE,105,415,No,Yes,27
NC,73,415,No,Yes,31
NE,112,415,No,No,0
IL,179,408,No,No,0
MA,57,510,No,No,0
AZ,127,415,No,Yes,14
SD,122,415,Yes,Yes,40
MT,33,510,No,Yes,35
VT,94,408,No,No,0
UT,100,408,No,No,0
HI,106,415,No,No,0
DC,148,415,No,Yes,38
WI,120,415,No,Yes,29
UT,91,415,No,Yes,34
WA,86,510,No,No,0
SD,78,415,No,Yes,25
MT,94,510,No,No,0
NJ,85,415,No,No,0
CT,89,415,No,No,0
VA,128,415,No,No,0
NC,115,415,Yes,No,0
AK,76,415,No,No,0
MD,75,415,No,Yes,39
IL,90,415,No,Yes,29
CT,30,408,No,No,0
KS,105,415,Yes,No,0
MA,102,415,No,Yes,31
NJ,83,415,No,No,0
AR,63,510,No,Yes,49
MS,155,408,No,No,0
ND,82,415,No,Yes,29
IN,87,510,No,No,0
MI,115,415,No,Yes,26
AR,99,510,Yes,No,0
VT,121,415,Yes,Yes,44
WV,54,510,No,Yes,33
ME,105,408,No,No,0
IA,73,415,No,No,0
CT,95,415,No,No,0
NM,21,415,No,Yes,19
OR,163,408,No,Yes,25
VT,57,415,No,No,0
RI,104,408,Yes,No,0
RI,83,415,No,Yes,20
NM,141,415,No,No,0
AL,95,415,No,No,0
MT,184,415,No,No,0
CT,74,408,No,No,0
TN,67,415,No,No,0
ID,104,415,Yes,No,0
TX,71,415,No,Yes,39
NH,149,415,No,No,0
ND,154,408,No,Yes,35
SC,138,510,No,Yes,21
KS,117,415,No,No,0
ME,130,408,No,No,0
RI,73,415,No,No,0
WI,100,510,No,Yes,38
NC,149,510,No,No,0
OH,29,408,No,No,0
WY,131,510,No,No,0
NJ,153,510,No,No,0
ND,84,510,No,No,0
WI,133,510,No,No,0
KY,112,415,No,No,0
NY,87,415,No,No,0
MO,72,415,No,No,0
AZ,66,510,No,No,0
MN,65,510,No,Yes,29
CO,74,415,No,No,0
MD,116,408,No,No,0
AR,68,510,No,No,0
TN,68,415,No,No,0
DE,54,415,Yes,No,0
TN,99,408,No,No,0
WI,107,408,No,No,0
WV,124,510,No,No,0
CT,95,415,No,Yes,36
MN,173,510,No,No,0
MO,110,408,No,No,0
VA,102,510,No,No,0
NH,130,408,No,No,0
OK,91,408,No,Yes,31
CT,64,415,Yes,No,0
TN,176,415,No,Yes,23
MD,93,510,Yes,No,0
WI,84,510,No,Yes,12
SD,138,510,No,No,0
ND,101,415,No,Yes,28
VA,136,408,No,No,0
UT,111,510,No,No,0
MA,132,408,No,Yes,36
SD,128,415,No,No,0
AL,92,408,No,Yes,38
AL,197,415,Yes,No,0
WV,191,408,No,No,0
SC,99,415,No,Yes,33
FL,106,415,No,Yes,31
KY,88,415,No,No,0
UT,78,415,No,No,0
NY,98,408,No,No,0
MS,17,408,No,Yes,35
NH,56,415,No,Yes,24
VA,84,415,No,No,0
VT,95,510,No,No,0
WY,16,415,No,No,0
NV,76,510,Yes,No,0
WV,93,415,No,No,0
WA,83,408,No,No,0
KS,123,415,No,No,0
VT,64,408,No,No,0
OK,82,510,No,No,0
GA,107,510,No,No,0
CO,110,510,No,No,0
AK,96,408,No,Yes,29
TN,47,415,No,Yes,30
KY,115,510,No,No,0
PA,69,415,No,No,0
CT,163,408,No,Yes,40
CT,90,415,No,No,0
MN,98,415,No,No,0
WY,90,408,No,Yes,39
PA,174,415,No,Yes,15
OR,95,415,No,No,0
PA,79,415,No,No,0
OK,123,415,No,Yes,27
VT,99,415,No,No,0
ID,114,415,No,No,0
PA,141,510,No,No,0
NM,132,408,No,No,0
FL,133,510,No,No,0
TX,133,408,No,No,0
VT,93,510,No,Yes,32
MA,34,415,No,No,0
OR,140,415,No,No,0
DE,96,415,No,Yes,26
FL,144,510,No,No,0
ID,24,408,No,Yes,29
MD,54,415,No,No,0
WV,50,408,No,No,0
ID,92,415,No,Yes,23
NV,96,408,No,No,0
OH,146,415,No,No,0
ID,138,415,Yes,Yes,17
SC,102,408,No,No,0
MO,76,510,No,No,0
NE,99,415,No,No,0
NC,83,510,No,Yes,36
ME,36,510,No,Yes,25
MI,70,510,No,No,0
AZ,109,415,Yes,No,0
AZ,100,415,No,No,0
HI,104,408,No,No,0
NJ,106,415,No,No,0
MS,84,510,No,No,0
MA,80,510,No,No,0
SC,100,510,No,No,0
MN,99,408,No,No,0
WV,50,510,No,No,0
MS,105,415,No,No,0
VA,113,415,No,Yes,23
MS,111,415,No,Yes,36
NM,161,408,No,No,0
TX,70,415,No,No,0
HI,97,415,No,Yes,43
WA,130,510,No,No,0
WI,92,415,No,No,0
CO,119,408,No,No,0
NV,115,415,No,No,0
RI,134,415,No,No,0
VA,127,408,No,Yes,25
NJ,80,415,No,No,0
ND,153,415,No,Yes,31
MN,85,415,No,No,0
HI,79,415,No,No,0
ND,35,415,No,No,0
WI,120,408,No,Yes,26
MN,68,510,No,No,0
DC,60,408,No,No,0
KS,120,510,No,No,0
MT,71,510,No,Yes,23
WV,124,415,No,No,0
ME,23,510,No,No,0
WY,225,415,No,No,0
NY,181,415,Yes,No,0
VT,63,415,No,No,0
NC,54,415,Yes,No,0
MO,80,408,Yes,Yes,15
NC,118,408,Yes,Yes,39
NJ,42,408,Yes,No,0
OH,134,408,No,No,0
TX,66,415,No,Yes,35
WA,66,415,No,No,0
TN,127,415,No,Yes,28
HI,146,510,No,No,0
WY,93,408,No,Yes,42
CT,77,415,No,No,0
NM,111,415,No,No,0
NJ,125,415,No,No,0
AL,115,510,No,Yes,14
MN,115,510,Yes,No,0
NC,114,408,No,No,0
OH,106,415,No,No,0
ND,118,415,No,Yes,39
CO,59,510,No,No,0
ND,87,415,Yes,Yes,40
NY,21,415,No,No,0
WI,142,408,No,Yes,24
WY,62,415,No,No,0
OR,149,415,No,No,0
CO,54,510,No,Yes,39
LA,112,510,No,No,0
AL,68,510,No,No,0
TX,201,415,No,Yes,21
PA,88,510,No,No,0
IL,85,415,No,Yes,29
DE,51,415,Yes,No,0
MO,45,510,No,Yes,29
AR,116,510,No,No,0
OH,146,408,No,Yes,31
WI,63,510,No,Yes,34
GA,133,510,No,No,0
KY,125,408,No,No,0
OH,72,510,No,No,0
TN,130,408,No,No,0
SD,97,415,No,No,0
NY,54,415,No,No,0
GA,160,415,No,Yes,29
TX,79,415,No,No,0
WV,92,415,No,Yes,47
MI,59,415,No,No,0
ND,132,510,No,No,0
NE,21,510,No,No,0
SD,93,415,No,No,0
NJ,147,415,No,Yes,36
AK,101,510,No,No,0
CT,125,415,Yes,No,0
CO,63,415,No,No,0
MD,107,415,No,No,0
ND,110,408,No,No,0
NH,83,415,No,No,0
MN,117,408,No,No,0
KY,124,415,No,No,0
NH,115,510,No,No,0
CO,156,408,Yes,No,0
KY,89,408,No,No,0
KY,72,415,No,No,0
IN,101,415,No,Yes,42
OR,53,415,No,No,0
SD,116,408,No,No,0
DE,78,408,No,No,0
OR,117,415,No,Yes,17
NE,56,510,No,No,0
OH,123,408,No,Yes,39
OH,127,408,No,No,0
AR,116,415,No,Yes,23
KS,138,510,No,Yes,26
TX,120,415,No,No,0
WI,102,408,No,No,0
OR,95,415,No,No,0
VA,102,408,No,No,0
AR,89,415,No,Yes,25
CT,50,408,No,No,0
OH,93,415,No,Yes,42
WY,68,510,No,No,0
IL,70,408,No,No,0
MO,138,415,No,Yes,29
DC,141,415,No,Yes,37
MA,112,415,No,Yes,17
NH,117,510,Yes,No,0
IA,1,408,No,Yes,26
AL,70,415,No,No,0
OR,87,510,No,Yes,22
WV,52,510,No,Yes,21
WA,97,408,No,No,0
NV,105,408,No,No,0
SC,77,510,No,Yes,28
NC,80,415,Yes,No,0
NH,120,510,No,Yes,43
WY,54,408,No,Yes,39
FL,148,510,Yes,No,0
PA,119,408,No,No,0
NC,162,408,No,Yes,26
MO,85,510,No,No,0
KS,101,510,No,Yes,25
KY,172,415,No,No,0
DE,80,415,No,No,0
WI,67,510,No,No,0
CO,86,408,No,No,0
NM,107,415,No,No,0
DE,133,510,No,No,0
IL,116,510,No,No,0
WA,63,408,No,No,0
MA,119,408,Yes,Yes,16
OH,133,408,Yes,No,0
TN,94,408,Yes,No,0
MA,69,510,No,No,0
MI,146,408,No,No,0
TX,119,510,No,No,0
NH,142,408,Yes,Yes,25
MD,123,408,No,No,0
MS,101,408,No,No,0
AZ,43,415,No,No,0
IN,69,408,No,No,0
NY,15,510,Yes,No,0
WI,107,510,No,Yes,25
WV,67,510,No,No,0
NY,99,415,No,No,0
OK,46,415,No,No,0
NC,55,408,Yes,No,0
KY,39,415,No,No,0
TX,92,510,No,No,0
CT,56,415,No,No,0
NE,76,415,No,No,0
HI,132,408,Yes,Yes,33
SC,140,510,No,Yes,28
AK,51,510,Yes,Yes,12
SD,27,408,No,No,0
ID,224,510,No,No,0
OK,105,510,Yes,Yes,28
WA,117,408,No,No,0
SD,91,415,No,No,0
OH,135,415,No,No,0
VA,146,415,No,No,0
WI,147,415,Yes,No,0
IN,68,510,No,No,0
NM,68,408,No,No,0
HI,86,408,No,Yes,21
KY,131,415,No,No,0
OH,86,415,No,Yes,29
VT,159,415,No,No,0
AZ,134,415,No,Yes,40
VT,113,510,No,No,0
MO,132,408,No,No,0
AL,85,415,No,No,0
NJ,93,510,Yes,Yes,38
WA,174,408,No,Yes,33
NY,61,415,No,No,0
DC,91,415,No,Yes,39
NE,88,408,No,Yes,28
MA,88,408,No,Yes,45
VT,195,415,No,Yes,36
NM,182,415,No,No,0
CO,118,408,No,No,0
NH,103,408,No,No,0
IL,65,510,No,No,0
UT,61,408,No,Yes,25
WV,172,415,No,No,0
NJ,72,415,No,No,0
NM,113,510,No,No,0
ND,177,408,No,No,0
WA,100,408,No,No,0
NM,67,415,No,No,0
DE,136,415,No,No,0
GA,71,415,No,No,0
HI,134,408,No,No,0
CT,124,415,No,No,0
NJ,84,415,No,No,0
ME,39,408,No,No,0
OK,110,510,No,No,0
TN,102,510,No,No,0
WY,70,415,No,No,0
NY,142,415,No,No,0
DE,81,510,Yes,No,0
RI,17,415,No,No,0
PA,119,408,No,No,0
HI,105,415,No,No,0
MD,108,415,Yes,Yes,42
VA,90,415,No,No,0
IN,100,415,No,Yes,33
OR,155,408,No,Yes,30
AZ,113,510,No,No,0
WI,123,415,No,No,0
VA,145,408,No,No,0
MO,42,415,No,No,0
NV,125,510,No,No,0
HI,131,415,No,Yes,30
WA,107,415,No,No,0
IL,48,408,No,No,0
IL,76,510,No,No,0
LA,128,415,No,No,0
WI,73,415,No,No,0
TX,52,415,No,No,0
MI,126,415,Yes,Yes,26
NC,124,415,No,No,0
WA,137,408,No,No,0
ND,71,510,No,No,0
NE,139,415,No,No,0
MS,107,510,No,Yes,30
KY,147,408,No,No,0
RI,116,510,No,No,0
NY,60,510,No,Yes,31
TX,38,510,No,No,0
DE,63,408,No,No,0
NM,94,415,No,No,0
RI,131,415,No,No,0
MS,158,510,No,No,0
NY,139,510,No,No,0
NE,77,415,No,No,0
WI,140,415,No,No,0
KY,72,408,No,No,0
SD,52,510,No,Yes,20
VA,103,510,No,No,0
KS,74,415,No,Yes,32
ND,124,415,No,No,0
CO,85,510,No,Yes,21
KY,113,408,No,Yes,20
WA,71,408,No,No,0
NV,177,415,No,Yes,27
SC,49,415,Yes,No,0
RI,106,510,Yes,No,0
ID,60,510,No,No,0
KY,43,408,No,No,0
ME,66,510,No,No,0
SD,125,415,No,No,0
SC,114,510,No,Yes,4
TN,112,415,No,No,0
MT,101,408,No,Yes,16
WI,70,415,No,No,0
AK,59,408,No,No,0
AZ,59,408,No,No,0
MT,124,415,No,Yes,30
DE,99,415,No,No,0
VA,150,510,No,No,0
MA,81,510,No,No,0
IN,86,510,No,No,0
MD,84,510,No,No,0
NV,118,510,No,Yes,35
CO,89,415,No,No,0
KS,93,415,No,No,0
AR,85,415,No,No,0
WY,160,408,No,No,0
PA,28,415,No,No,0
TX,73,408,No,No,0
NY,156,408,No,No,0
OR,33,415,Yes,No,0
CA,77,510,No,No,0
NY,119,415,No,No,0
AR,91,510,No,Yes,27
MI,102,510,No,No,0
OK,86,415,No,Yes,33
TX,82,415,No,No,0
NC,89,408,No,No,0
ID,86,415,No,No,0
IL,134,408,No,No,0
OR,92,415,No,No,0
SD,87,510,No,No,0
NE,64,408,No,No,0
RI,80,510,No,No,0
MD,165,415,No,Yes,39
ID,153,415,No,Yes,22
ME,41,415,No,Yes,30
SD,108,415,No,No,0
NY,104,415,No,Yes,26
DE,115,408,No,No,0
OK,87,415,No,No,0
SC,159,415,No,Yes,23
IN,119,510,No,No,0
NV,69,415,No,No,0
IL,87,408,Yes,Yes,36
SD,93,510,No,No,0
OK,154,415,Yes,No,0
KS,57,415,No,Yes,37
IA,130,510,No,No,0
NJ,151,415,No,No,0
NJ,162,408,No,No,0
MT,60,415,No,No,0
IA,81,510,No,No,0
WA,132,415,No,No,0
NE,86,408,No,No,0
TX,136,408,No,No,0
MS,121,415,No,Yes,21
IA,105,510,No,Yes,15
WI,105,415,No,Yes,34
MT,51,415,No,Yes,26
GA,64,408,No,No,0
MT,80,510,Yes,Yes,30
ND,56,415,No,No,0
VT,120,415,No,No,0
SD,103,510,No,No,0
OH,164,510,No,Yes,27
OH,116,415,No,Yes,27
MT,121,408,No,No,0
IL,55,415,Yes,No,0
NV,183,415,No,No,0
UT,104,408,No,No,0
NH,90,408,No,No,0
LA,82,415,No,No,0
VT,101,415,No,No,0
NY,9,415,No,Yes,16
CT,97,415,No,No,0
KS,94,408,No,No,0
MI,127,510,No,Yes,25
SD,125,510,No,Yes,34
ME,140,415,No,No,0
MD,90,415,No,No,0
VA,67,415,No,No,0
NJ,113,415,No,No,0
TN,121,510,No,Yes,26
DC,93,408,No,No,0
DC,121,408,No,No,0
OR,53,408,No,No,0
RI,75,415,No,No,0
AK,132,510,No,No,0
WI,162,408,No,No,0
IN,140,415,No,No,0
MI,91,408,No,No,0
ID,73,510,No,Yes,28
NH,95,408,Yes,No,0
MN,145,408,No,No,0
AZ,100,415,No,No,0
MN,122,415,No,No,0
MO,109,415,No,No,0
AL,82,408,No,No,0
PA,65,415,No,Yes,23
AK,52,510,No,No,0
MS,136,415,No,Yes,24
IA,75,415,No,No,0
WY,146,408,No,No,0
NE,105,408,No,No,0
ND,48,415,No,No,0
CT,45,415,No,No,0
NC,106,415,No,Yes,37
CT,33,510,No,No,0
ND,68,408,No,No,0
WA,106,408,No,No,0
NV,141,415,No,No,0
CO,98,408,No,No,0
KS,94,510,No,Yes,28
CO,65,510,No,No,0
MO,85,415,No,No,0
MA,71,510,No,No,0
NY,112,408,No,Yes,30
AK,110,415,No,No,0
WI,111,415,No,No,0
NH,74,408,No,No,0
TN,105,510,No,No,0
NY,40,408,No,No,0
GA,128,408,Yes,Yes,18
MN,123,408,No,No,0
MI,122,510,No,No,0
ID,114,408,No,Yes,19
CT,102,415,No,Yes,25
NC,126,415,No,No,0
LA,150,415,No,No,0
NJ,60,408,No,No,0
TX,123,408,No,No,0
CA,138,510,Yes,No,0
MD,29,510,No,No,0
WY,111,415,No,No,0
TX,37,510,Yes,No,0
CA,111,408,No,No,0
UT,81,510,No,No,0
WA,46,510,No,No,0
MS,69,510,No,Yes,27
OH,125,408,No,No,0
KS,43,415,No,No,0
RI,127,415,No,Yes,27
IN,94,510,No,No,0
VT,46,408,No,No,0
MT,73,408,No,Yes,26
CT,146,408,No,Yes,23
NM,93,415,No,No,0
OH,52,408,No,Yes,31
GA,202,510,No,No,0
MN,129,510,No,Yes,31
CT,94,415,No,No,0
AL,100,415,No,No,0
WV,43,415,No,No,0
NH,130,415,No,No,0
WY,124,415,No,No,0
VA,92,510,Yes,No,0
VT,48,415,No,No,0
OH,98,510,No,Yes,29
MT,100,415,No,No,0
MA,79,415,No,No,0
VA,164,415,No,No,0
NM,105,415,No,No,0
AR,89,408,Yes,No,0
NE,126,415,No,No,0
WY,96,408,No,No,0
IA,120,415,No,Yes,33
SC,212,415,No,No,0
NC,72,415,No,No,0
HI,155,415,Yes,Yes,26
UT,89,415,No,No,0
WY,126,408,Yes,No,0
AL,172,408,No,No,0
VA,75,415,No,No,0
WI,143,510,No,No,0
FL,166,510,Yes,No,0
KS,132,415,No,No,0
NV,94,408,Yes,No,0
NY,99,415,No,No,0
VA,136,415,No,Yes,35
KS,119,415,No,No,0
NC,115,510,Yes,No,0
MO,160,415,No,No,0
ND,166,510,No,No,0
CA,120,510,No,No,0
WV,173,415,No,No,0
IL,156,415,No,No,0
NY,70,415,No,No,0
NV,41,510,No,No,0
AL,132,408,No,No,0
KS,47,510,Yes,No,0
ND,160,510,No,No,0
OK,180,415,No,No,0
UT,93,415,No,No,0
OH,109,415,No,No,0
WY,80,510,No,No,0
NM,54,415,No,Yes,24
AL,121,415,No,No,0
DC,157,510,No,Yes,29
ID,170,510,No,Yes,37
AR,138,510,No,No,0
ID,92,415,No,Yes,31
TX,126,415,No,No,0
NM,41,415,No,No,0
WA,167,415,No,No,0
UT,91,510,No,No,0
RI,127,510,No,No,0
NC,88,408,No,Yes,27
RI,113,415,No,No,0
NY,78,510,No,No,0
TX,123,408,No,No,0
DE,136,408,Yes,Yes,29
MS,68,415,No,Yes,34
OH,132,415,No,Yes,10
LA,133,415,No,No,0
FL,127,415,No,No,0
WA,110,415,No,No,0
WV,121,510,No,No,0
NY,116,510,No,No,0
NE,112,415,Yes,Yes,16
PA,97,510,Yes,No,0
MS,43,510,No,No,0
IN,110,415,No,No,0
VA,67,408,No,No,0
MN,166,408,No,No,0
DE,129,408,No,No,0
OR,103,510,Yes,No,0
UT,71,415,No,No,0
CT,112,415,No,Yes,27
AL,8,415,No,Yes,36
TX,98,415,No,No,0
CT,90,415,No,No,0
MS,13,415,No,No,0
AR,58,415,No,No,0
CA,137,415,No,Yes,22
MI,116,408,No,No,0
WV,94,415,No,Yes,28
DE,87,415,No,No,0
FL,120,415,No,No,0
AK,97,415,No,Yes,24
ID,134,415,No,No,0
OH,68,510,No,No,0
NH,93,408,No,No,0
MA,120,415,No,No,0
SC,41,408,No,No,0
OR,80,510,No,No,0
OH,83,415,No,Yes,25
NC,109,510,Yes,No,0
KY,66,510,No,Yes,33
ID,104,510,No,No,0
WA,89,510,No,No,0
WV,127,510,No,No,0
RI,117,408,No,Yes,13
KS,128,510,No,No,0
NV,88,415,No,No,0
NE,61,408,No,No,0
FL,22,415,No,No,0
WY,78,415,No,No,0
WA,56,415,No,Yes,29
CO,192,415,No,No,0
WI,70,415,No,No,0
KS,148,510,No,No,0
RI,65,415,No,Yes,29
MT,119,510,No,No,0
CO,80,415,No,No,0
CT,152,408,No,Yes,20
FL,113,510,No,No,0
VT,75,510,No,No,0
OH,80,415,No,No,0
NH,148,408,No,No,0
RI,63,415,Yes,No,0
FL,97,415,No,Yes,28
MD,166,415,No,No,0
WY,94,408,No,No,0
FL,85,408,No,Yes,33
TN,80,415,Yes,No,0
NC,210,415,No,Yes,31
IN,88,415,Yes,Yes,25
IA,100,408,No,No,0
WV,154,408,No,Yes,35
UT,32,510,No,Yes,26
GA,18,408,No,No,0
AK,126,415,No,Yes,31
UT,144,510,No,Yes,37
MS,29,510,No,No,0
AR,86,408,No,Yes,16
AK,138,415,No,Yes,37
AK,146,415,No,No,0
ME,175,415,No,No,0
WV,74,510,No,No,0
CT,48,415,No,No,0
GA,74,510,No,Yes,31
NV,105,415,Yes,No,0
VT,157,510,No,No,0
DC,217,415,No,No,0
TN,68,415,No,No,0
OR,80,415,No,No,0
MS,38,415,No,Yes,25
NC,107,415,No,Yes,38
CO,140,415,No,No,0
AR,98,415,No,No,0
PA,114,415,No,No,0
MN,46,408,No,No,0
NM,118,415,No,Yes,42
UT,37,510,No,No,0
NE,34,415,No,No,0
MS,98,415,Yes,Yes,23
NV,113,510,No,No,0
OR,69,408,No,No,0
VA,121,415,No,No,0
NJ,59,510,Yes,Yes,31
WV,59,510,No,No,0
OR,190,415,No,No,0
KY,109,415,No,No,0
MO,136,415,No,No,0
TX,86,510,No,No,0
MN,100,415,No,Yes,27
FL,106,510,No,No,0
PA,104,415,No,No,0
WV,129,415,No,No,0
IN,205,510,No,No,0
OK,93,415,No,Yes,32
NE,123,415,No,No,0
DE,99,415,No,No,0
MI,61,415,No,Yes,33
IL,71,415,No,No,0
UT,4,510,Yes,No,0
IL,148,408,No,Yes,25
WA,141,415,No,No,0
NM,56,408,No,No,0
MD,160,415,No,No,0
VA,43,408,No,Yes,35
MT,42,415,No,No,0
CT,135,415,Yes,No,0
AL,106,415,No,No,0
WV,106,510,No,No,0
MO,83,415,No,Yes,30
ND,110,415,No,No,0
AR,153,408,No,No,0
GA,109,510,No,Yes,35
FL,31,510,No,No,0
LA,124,510,No,No,0
UT,110,415,No,No,0
AZ,124,415,No,No,0
NY,82,415,No,No,0
KY,122,415,No,No,0
AL,137,415,No,No,0
IN,69,510,No,No,0
IN,46,415,No,Yes,34
FL,103,415,No,No,0
NM,16,510,No,No,0
AL,119,415,No,No,0
MN,124,510,Yes,No,0
NY,122,415,No,Yes,37
MD,139,415,No,No,0
KS,67,510,No,No,0
WV,84,408,No,No,0
ID,101,510,No,Yes,17
LA,40,510,No,No,0
MI,61,415,No,No,0
TN,120,408,Yes,No,0
CA,95,415,No,No,0
FL,98,408,No,No,0
LA,114,415,No,No,0
IL,68,415,Yes,Yes,29
AL,149,415,No,Yes,20
CT,22,408,No,No,0
PA,176,415,No,No,0
TX,152,415,No,No,0
VA,118,408,No,No,0
MO,101,415,Yes,No,0
MT,102,408,No,No,0
ND,118,408,No,No,0
FL,105,415,No,No,0
WI,153,510,No,No,0
KY,71,415,No,No,0
MD,71,415,No,Yes,31
IN,68,415,No,No,0
MA,66,415,No,No,0
ND,101,415,No,No,0
VT,116,415,No,No,0
CT,54,415,No,Yes,33
VA,112,408,No,Yes,29
MS,122,408,No,Yes,45
AK,74,415,No,No,0
WY,90,415,No,No,0
NY,112,415,No,No,0
NC,85,510,No,No,0
IL,100,415,No,No,0
OH,114,415,No,No,0
RI,83,510,No,No,0
WY,157,415,Yes,No,0
OR,51,510,No,No,0
NV,42,415,No,No,0
ND,101,415,No,Yes,36
OR,112,510,No,No,0
ND,56,510,No,No,0
NJ,53,408,No,No,0
WV,64,415,No,Yes,22
VA,123,408,No,No,0
ID,68,510,No,Yes,30
CT,40,510,Yes,No,0
NM,132,408,No,No,0
CT,120,408,Yes,No,0
MI,108,408,No,Yes,32
SC,161,510,No,No,0
SC,130,415,No,No,0
NY,122,510,No,No,0
MT,130,408,No,Yes,19
WY,90,510,No,No,0
NE,139,415,No,Yes,25
IN,57,415,No,No,0
CO,128,510,No,No,0
WY,127,510,Yes,No,0
MD,107,415,No,No,0
OK,177,408,No,No,0
SD,121,415,No,No,0
SC,99,510,Yes,Yes,39
NY,126,415,Yes,No,0
NY,77,415,No,Yes,33
WV,21,415,No,No,0
WA,56,408,No,No,0
ID,92,415,No,Yes,29
MN,81,510,No,No,0
TX,139,510,Yes,Yes,31
AZ,68,415,No,No,0
DE,183,415,No,Yes,8
CO,90,408,No,No,0
WI,165,408,No,No,0
WI,89,415,No,No,0
NJ,59,510,No,No,0
IL,16,415,Yes,No,0
DC,114,415,No,No,0
IA,113,510,No,No,0
GA,120,408,No,No,0
AK,115,415,No,No,0
CA,37,510,No,No,0
MN,100,415,Yes,No,0
CO,132,415,No,No,0
KY,38,408,No,Yes,36
SC,1,408,No,No,0
MT,97,415,No,Yes,15
KY,55,415,No,Yes,28
WV,75,415,No,No,0
ID,83,415,No,No,0
MN,40,510,No,No,0
MA,101,415,No,Yes,21
MD,120,415,No,Yes,40
SD,183,415,No,Yes,31
PA,75,510,No,No,0
KY,80,415,No,No,0
ID,88,415,No,No,0
NY,112,415,No,Yes,23
NM,63,510,No,No,0
CA,105,415,No,Yes,31
ID,92,415,No,No,0
WY,177,415,No,No,0
NM,118,510,No,No,0
HI,111,408,No,Yes,13
ID,82,510,No,Yes,34
NC,74,415,No,No,0
TX,121,415,No,Yes,31
GA,131,408,No,No,0
AL,125,408,No,No,0
ME,19,415,No,No,0
VA,138,415,No,No,0
ID,119,415,No,No,0
NY,137,510,No,No,0
NC,182,415,No,No,0
OH,135,415,No,No,0
HI,134,415,No,Yes,38
DC,45,415,No,No,0
TN,129,408,No,No,0
VT,142,415,No,No,0
MD,130,415,No,Yes,45
LA,163,408,No,Yes,23
HI,105,415,No,No,0
FL,119,415,No,No,0
WY,78,408,No,No,0
NE,92,415,No,No,0
WY,146,415,No,Yes,11
OR,125,408,No,Yes,32
IN,88,415,No,No,0
MD,83,408,No,Yes,38
TN,3,510,Yes,No,0
WV,152,510,Yes,Yes,41
WA,48,510,No,No,0
MS,189,415,No,No,0
OH,95,415,No,Yes,23
IN,129,415,No,No,0
CO,66,408,No,Yes,40
TX,80,510,No,Yes,22
AK,1,408,No,No,0
WV,84,408,No,No,0
MA,96,415,No,No,0
TN,123,415,No,Yes,34
ID,116,510,Yes,Yes,29
DE,105,415,Yes,No,0
VA,80,415,No,No,0
MT,157,408,No,No,0
ID,67,510,No,Yes,30
IN,141,415,No,Yes,39
MD,79,415,No,Yes,17
MS,76,408,No,No,0
WA,111,510,No,No,0
OH,94,415,No,No,0
RI,143,408,No,No,0
AR,109,510,No,No,0
AZ,138,415,No,No,0
SC,73,415,No,No,0
KY,21,415,No,No,0
AL,148,415,No,Yes,21
NE,103,408,No,No,0
MT,143,408,No,Yes,22
MN,79,408,No,Yes,32
NV,89,415,No,No,0
CA,120,415,No,No,0
UT,121,415,No,Yes,41
IL,101,415,No,No,0
DC,115,408,No,No,0
IN,168,415,No,No,0
NM,90,415,No,No,0
MS,70,510,No,No,0
VT,138,415,No,No,0
VT,43,408,No,No,0
UT,117,510,No,Yes,20
KY,108,408,No,No,0
VA,118,408,No,No,0
OH,169,408,No,No,0
AZ,62,408,No,Yes,42
NY,86,510,No,No,0
VA,44,408,No,No,0
MD,111,510,No,No,0
MA,127,510,No,Yes,19
IL,151,415,Yes,No,0
LA,53,415,No,No,0
MO,15,415,No,No,0
DC,123,408,No,Yes,28
PA,137,415,No,No,0
TN,106,415,No,No,0
NJ,88,510,No,No,0
VA,106,415,No,No,0
TN,95,510,No,No,0
NJ,57,510,Yes,No,0
WA,184,408,No,No,0
AR,109,510,No,No,0
WI,127,415,No,No,0
WA,82,510,No,No,0
RI,180,415,No,No,0
ME,174,415,No,No,0
CO,92,415,No,No,0
CO,81,408,No,No,0
RI,125,408,No,No,0
CT,119,408,No,No,0
NC,122,415,No,No,0
WY,34,408,No,No,0
OR,138,415,Yes,Yes,28
FL,90,415,No,Yes,24
KY,73,408,No,No,0
SC,19,510,No,No,0
WA,120,408,No,Yes,28
MT,160,415,No,No,0
PA,141,510,No,No,0
MA,90,408,No,No,0
VT,72,415,No,No,0
MN,117,408,No,Yes,21
IL,79,408,Yes,No,0
AR,87,408,No,No,0
MD,102,415,No,No,0
MT,49,408,No,No,0
VT,67,408,No,No,0
CO,107,415,No,No,0
NC,190,408,No,No,0
WA,118,510,No,No,0
TN,120,415,No,No,0
AR,94,408,No,No,0
DC,115,510,No,Yes,29
MN,61,415,No,No,0
IA,143,510,No,Yes,33
KS,110,510,No,No,0
ND,104,415,No,No,0
MT,16,510,No,No,0
IL,183,510,No,No,0
DC,147,408,No,No,0
KY,58,415,No,No,0
MS,102,510,Yes,No,0
TN,123,415,No,No,0
IA,64,415,No,Yes,43
AK,103,510,No,No,0
MN,152,415,No,No,0
WV,124,415,No,No,0
OR,97,415,No,No,0
MS,131,415,No,No,0
ME,57,415,No,Yes,33
MN,157,510,No,No,0
GA,194,510,No,No,0
DC,66,415,No,No,0
GA,155,510,No,No,0
NY,123,415,No,No,0
OK,116,510,No,No,0
OK,63,415,No,No,0
GA,64,510,No,No,0
NJ,96,510,No,No,0
MN,53,415,No,No,0
ME,105,510,No,No,0
MI,53,510,No,Yes,37
MT,101,415,No,No,0
NE,129,510,No,Yes,30
ND,122,408,No,No,0
VA,163,415,No,No,0
VT,93,408,No,No,0
OH,115,510,Yes,No,0
AL,25,408,No,No,0
DC,73,408,No,No,0
ND,120,415,No,No,0
TN,196,415,No,No,0
DE,97,510,No,No,0
NY,148,408,No,No,0
AL,85,408,No,Yes,30
OK,86,510,Yes,No,0
MS,78,415,No,Yes,13
MD,106,415,No,No,0
NE,147,415,No,Yes,38
AR,145,415,No,No,0
IL,91,415,No,No,0
IN,81,408,No,Yes,46
UT,116,415,No,Yes,24
LA,69,415,No,Yes,37
ID,135,510,No,No,0
KY,73,510,No,No,0
MI,48,415,No,No,0
NH,125,415,Yes,No,0
WV,100,415,No,No,0
OR,165,415,No,Yes,33
SD,64,415,No,No,0
MD,116,510,Yes,Yes,27
ND,147,408,Yes,Yes,35
TN,115,415,No,No,0
MO,84,415,No,Yes,35
IL,86,510,No,Yes,16
UT,134,415,No,No,0
MI,105,415,No,No,0
AR,88,408,No,No,0
TX,90,408,No,Yes,27
AK,86,408,No,No,0
TN,37,415,No,No,0
NH,141,415,No,Yes,32
NM,148,408,No,No,0
MN,163,408,No,Yes,22
IA,89,415,No,Yes,35
RI,63,415,No,No,0
AL,102,415,No,No,0
NC,76,510,No,No,0
SD,104,408,No,No,0
MT,109,510,No,No,0
HI,105,510,No,No,0
MT,63,415,No,Yes,33
KY,105,415,No,Yes,24
DC,68,415,Yes,Yes,39
CO,63,408,Yes,Yes,21
MI,74,415,No,No,0
AL,76,415,No,No,0
KS,91,408,Yes,No,0
NC,101,415,No,No,0
SC,116,408,No,No,0
CO,131,415,No,Yes,23
MN,84,415,No,No,0
WY,104,415,No,No,0
FL,108,510,No,No,0
NY,111,415,No,No,0
OK,155,408,No,Yes,30
ME,66,510,No,No,0
NE,64,510,No,No,0
OH,69,415,No,No,0
CT,116,415,No,No,0
DC,101,415,No,No,0
OK,15,415,No,No,0
NJ,88,415,No,No,0
IA,197,415,No,No,0
VA,50,415,Yes,No,0
VA,172,510,No,No,0
NM,188,415,Yes,Yes,26
FL,85,408,Yes,No,0
RI,103,510,Yes,No,0
NJ,136,408,No,Yes,27
NE,155,408,No,Yes,21
WV,145,415,No,No,0
WY,116,510,No,Yes,12
SC,152,408,No,No,0
MS,65,415,Yes,No,0
ND,180,415,No,No,0
IL,67,415,No,No,0
OR,60,415,No,No,0
UT,138,510,No,No,0
IA,44,415,No,No,0
ME,25,510,No,No,0
WY,145,408,No,No,0
WI,122,510,No,Yes,28
SC,121,415,No,No,0
DC,55,510,Yes,No,0
CT,77,415,No,No,0
OR,12,415,No,No,0
OR,64,510,No,No,0
NV,92,415,No,Yes,44
MN,125,415,Yes,Yes,29
OK,160,408,No,No,0
KS,79,415,No,No,0
RI,36,415,No,No,0
DC,102,415,No,No,0
IL,138,408,Yes,No,0
UT,164,510,No,No,0
MN,125,415,No,No,0
WI,72,408,No,No,0
MI,74,415,No,No,0
MI,134,415,No,Yes,41
MA,145,415,No,No,0
AL,136,510,No,No,0
SC,209,510,No,No,0
WI,66,415,Yes,No,0
VT,152,510,No,Yes,20
CT,162,408,No,No,0
OR,72,510,No,No,0
HI,101,415,No,No,0
WV,125,415,No,No,0
RI,46,408,No,No,0
MI,132,408,No,No,0
ME,193,415,No,Yes,31
WV,63,510,No,No,0
NE,124,510,No,No,0
DC,144,415,No,No,0
NH,116,408,No,Yes,24
MD,189,415,No,Yes,30
NH,97,408,No,Yes,28
WV,137,510,No,Yes,50
IL,142,415,No,Yes,38
OK,84,510,No,No,0
NH,119,415,No,Yes,19
MI,158,415,No,No,0
ND,50,415,No,No,0
LA,98,408,No,No,0
HI,101,415,No,Yes,24
NJ,182,415,No,No,0
WV,51,408,No,No,0
NC,117,510,No,No,0
PA,92,415,Yes,No,0
MI,86,408,No,No,0
WY,122,415,No,No,0
NJ,156,408,No,Yes,27
NJ,127,510,No,No,0
NC,130,408,Yes,No,0
NM,158,408,No,No,0
MS,145,510,Yes,Yes,30
TX,90,415,Yes,Yes,26
OK,127,510,No,Yes,27
ID,109,415,No,No,0
AL,88,415,No,No,0
WY,101,510,No,Yes,9
HI,171,510,No,No,0
VA,21,415,No,No,0
WV,145,408,No,Yes,31
DE,90,415,No,No,0
CA,33,408,No,No,0
PA,61,408,No,Yes,40
CO,107,415,No,No,0
MD,147,408,No,No,0
AL,117,510,No,No,0
AL,95,415,No,No,0
KS,186,510,No,No,0
MI,128,415,No,No,0
AK,55,408,No,Yes,39
OH,134,415,No,No,0
IN,96,415,No,Yes,23
SC,107,415,No,No,0
KS,123,415,No,No,0
OK,35,415,No,No,0
WI,74,408,No,No,0
IN,130,408,No,No,0
IL,137,408,Yes,No,0
TN,88,415,No,No,0
DC,80,408,No,No,0
NC,116,408,No,Yes,19
RI,123,510,No,Yes,23
MS,120,415,No,No,0
VA,146,415,Yes,No,0
KY,106,510,No,Yes,9
NV,121,408,No,Yes,44
WI,137,510,No,No,0
NH,84,408,No,Yes,30
NE,67,510,No,Yes,31
WI,161,408,No,No,0
NJ,134,510,No,Yes,34
ME,62,415,Yes,Yes,32
WY,120,415,No,Yes,24
IN,130,408,No,Yes,30
WI,20,408,No,No,0
VT,68,415,No,No,0
CA,112,415,No,No,0
IN,77,408,No,No,0
SC,109,415,No,No,0
IN,108,415,No,No,0
IA,79,415,No,Yes,17
MD,119,408,No,No,0
MN,38,510,No,No,0
AR,109,415,No,Yes,29
MS,78,415,No,No,0
MN,134,415,No,No,0
WA,47,415,No,Yes,27
MS,59,408,No,Yes,27
ID,151,415,No,No,0
NC,129,415,No,No,0
VA,107,510,No,Yes,27
MT,137,408,Yes,No,0
MI,76,510,No,No,0
HI,24,415,No,No,0
NC,169,408,No,No,0
MN,30,408,No,No,0
WV,70,415,No,No,0
SD,52,510,Yes,No,0
HI,3,408,No,No,0
MS,38,415,No,No,0
NY,104,415,No,No,0
LA,27,408,No,No,0
KS,166,415,Yes,Yes,28
MA,13,408,No,No,0
AK,52,408,No,No,0
SD,114,415,No,Yes,25
CO,156,408,No,No,0
NH,90,415,No,Yes,42
WV,62,415,No,No,0
AZ,82,415,No,Yes,33
ME,52,510,No,No,0
NH,146,510,No,No,0
RI,120,415,No,Yes,23
ID,130,415,No,No,0
WI,90,408,No,No,0
NM,147,408,Yes,No,0
WY,159,415,No,No,0
IL,74,510,No,Yes,27
TX,130,408,No,No,0
RI,155,408,Yes,No,0
MI,87,415,No,No,0
OR,81,415,No,No,0
VA,99,510,No,No,0
SD,131,510,No,No,0
AL,89,510,No,No,0
MS,123,415,Yes,No,0
MS,130,510,No,Yes,26
HI,99,415,No,No,0
WV,36,408,No,No,0
WV,87,415,No,No,0
WV,139,415,No,No,0
IN,189,510,No,No,0
NM,96,415,No,Yes,33
DE,112,408,No,No,0
NC,75,408,No,No,0
NM,178,415,No,Yes,35
SC,112,415,No,No,0
NJ,108,415,No,Yes,41
AZ,100,510,No,No,0
RI,121,510,No,Yes,20
SD,116,415,No,No,0
NH,161,415,No,No,0
AL,19,415,Yes,No,0
WV,104,415,No,No,0
ID,119,415,Yes,Yes,32
MD,125,415,No,No,0
IN,156,510,No,No,0
WY,109,415,No,No,0
NH,95,510,No,No,0
MN,90,408,No,No,0
MA,105,415,No,Yes,21
NH,101,510,No,No,0
MN,95,415,No,No,0
IA,123,415,No,No,0
NY,160,408,No,No,0
AL,141,510,No,Yes,28
WV,87,415,No,No,0
NM,81,415,No,No,0
CA,75,415,No,Yes,19
MA,126,408,No,Yes,24
ME,28,415,No,No,0
FL,153,415,No,No,0
NH,97,408,No,Yes,32
IN,115,408,No,No,0
WI,95,408,No,No,0
MA,17,415,Yes,No,0
NH,105,415,No,Yes,20
TX,121,415,No,No,0
NC,125,408,No,No,0
CT,124,415,No,No,0
NJ,35,408,No,No,0
WY,134,510,No,No,0
LA,123,510,No,Yes,32
NV,124,415,No,No,0
WV,133,510,No,No,0
AR,185,415,No,Yes,19
SC,1,415,No,Yes,26
KS,107,415,No,No,0
NY,91,415,No,Yes,20
MI,178,408,Yes,No,0
MA,123,415,No,No,0
UT,170,415,No,No,0
HI,135,415,No,No,0
PA,85,408,No,No,0
OR,134,415,No,Yes,50
TN,148,415,No,Yes,36
CT,93,415,No,No,0
AZ,138,415,No,No,0
OR,159,510,No,No,0
DE,103,415,No,Yes,34
MA,150,408,No,Yes,27
CT,37,408,No,No,0
AR,33,415,Yes,No,0
SD,55,415,No,No,0
CT,134,408,No,Yes,32
CT,107,408,No,No,0
MA,80,408,No,Yes,36
MS,78,408,No,No,0
MT,85,408,No,Yes,17
AK,61,415,No,Yes,15
DE,97,415,No,Yes,32
OH,136,408,Yes,No,0
MN,135,408,No,No,0
CA,87,415,No,Yes,19
OH,165,510,No,No,0
NV,148,415,No,No,0
SC,99,415,No,No,0
WV,123,415,No,No,0
NM,127,415,Yes,No,0
WY,151,415,No,No,0
CA,185,408,No,No,0
KS,65,415,No,Yes,34
WY,58,510,No,No,0
OK,104,415,No,No,0
UT,44,415,No,No,0
MA,58,408,No,No,0
UT,108,415,No,No,0
MN,132,510,No,No,0
NE,80,415,No,No,0
OH,162,415,No,No,0
KY,110,510,No,No,0
WA,96,415,No,No,0
NY,168,408,No,No,0
IN,72,510,No,No,0
CO,125,408,No,Yes,23
DC,170,510,No,No,0
AK,71,510,No,No,0
SC,124,415,No,No,0
KS,68,415,No,No,0
UT,97,415,No,No,0
IL,98,510,Yes,No,0
DC,24,408,No,No,0
DC,136,510,No,No,0
OK,44,408,No,No,0
KY,96,415,No,Yes,40
NE,31,415,No,No,0
AL,72,415,No,No,0
HI,24,415,No,No,0
SC,112,415,No,Yes,31
GA,117,415,Yes,No,0
KS,137,415,No,Yes,19
PA,136,408,No,No,0
UT,95,415,No,No,0
OR,82,415,No,Yes,19
ND,145,415,No,No,0
KY,56,415,Yes,No,0
MN,155,408,Yes,No,0
OH,133,408,No,No,0
TX,53,415,No,No,0
WY,123,415,No,No,0
GA,136,415,No,No,0
TX,57,415,No,No,0
WV,62,408,No,No,0
NM,112,415,No,No,0
MI,55,415,No,Yes,20
NC,95,408,No,No,0
NY,125,415,No,No,0
TX,1,415,No,No,0
KY,98,415,No,Yes,36
SD,105,415,No,No,0
ID,113,415,No,Yes,30
OR,99,408,No,No,0
WI,103,415,No,No,0
WV,177,408,No,No,0
SC,149,415,No,Yes,20
CT,160,415,No,No,0
NV,116,408,No,No,0
ND,90,415,No,Yes,22
MI,148,415,Yes,No,0
MT,147,415,No,Yes,35
NE,95,510,No,No,0
UT,201,510,No,No,0
WV,80,415,No,No,0
AR,122,415,Yes,No,0
MT,132,408,No,No,0
UT,83,510,No,No,0
HI,99,408,No,No,0
KS,84,415,No,No,0
NY,46,415,No,No,0
OH,87,510,No,No,0
HI,150,415,No,No,0
KS,73,408,No,No,0
IN,7,415,No,No,0
OR,89,415,No,Yes,12
NY,131,408,Yes,No,0
VA,105,415,No,No,0
MI,108,408,Yes,No,0
ID,47,415,No,Yes,28
MO,101,415,Yes,No,0
AL,182,415,No,Yes,24
OR,161,408,No,No,0
VT,128,408,No,No,0
AZ,69,415,No,Yes,31
VA,113,408,No,Yes,34
PA,87,408,No,Yes,30
CO,71,415,No,No,0
KY,76,415,No,No,0
NJ,87,510,No,No,0
IL,117,408,No,No,0
WA,177,415,No,No,0
WV,95,415,No,No,0
RI,76,415,No,No,0
OH,66,415,No,No,0
MO,110,415,No,No,0
MD,204,510,No,No,0
OH,32,415,No,Yes,31
VA,133,408,No,Yes,39
FL,185,408,No,No,0
CO,103,415,No,Yes,37
NY,91,510,No,No,0
WV,131,415,No,No,0
LA,153,510,No,No,0
MA,132,415,No,Yes,25
UT,148,510,No,No,0
AL,141,408,No,No,0
ME,105,415,No,No,0
TX,169,408,No,No,0
ND,127,415,No,Yes,23
CO,57,415,No,No,0
LA,123,415,No,Yes,33
MT,103,510,No,Yes,35
OR,101,415,No,No,0
NH,123,415,No,Yes,22
NE,78,510,No,Yes,32
WV,101,415,No,Yes,28
NV,129,415,No,No,0
MA,67,415,No,Yes,34
MI,37,415,No,No,0
KY,64,415,Yes,No,0
WV,173,510,No,No,0
KY,135,510,No,No,0
NJ,75,415,No,Yes,42
ME,88,415,No,No,0
TX,112,415,No,No,0
MN,113,408,No,No,0
VA,121,510,No,Yes,28
DC,70,415,No,No,0
MD,90,415,No,No,0
RI,39,408,No,No,0
MA,142,408,No,No,0
MD,176,408,No,No,0
NM,105,408,No,No,0
MN,57,415,No,No,0
MI,110,510,No,No,0
AZ,88,415,No,No,0
AL,95,408,No,No,0
MI,147,415,No,No,0
SC,101,415,No,No,0
MS,115,415,No,No,0
MS,103,415,No,No,0
CA,82,415,No,No,0
MD,141,415,No,No,0
ND,149,408,No,No,0
IL,131,510,No,No,0
SD,119,510,No,No,0
AL,112,510,No,No,0
NV,116,510,No,Yes,35
LA,94,415,No,No,0
VA,90,408,No,No,0
DE,114,415,No,Yes,31
CT,63,408,No,Yes,25
CO,130,408,No,No,0
MA,122,408,No,Yes,29
OR,166,510,No,No,0
WA,62,415,No,No,0
SC,78,415,No,Yes,21
IN,148,415,No,Yes,26
MD,154,510,No,No,0
NV,110,408,No,Yes,34
TX,75,415,No,No,0
ND,84,408,No,Yes,38
WV,113,510,No,No,0
CO,181,510,No,Yes,40
TX,51,415,No,No,0
FL,102,408,No,Yes,29
AL,107,408,No,No,0
WV,88,510,No,No,0
MI,82,415,No,No,0
NY,204,415,No,No,0
MS,130,510,No,No,0
MO,174,510,No,No,0
AR,129,415,No,No,0
MS,190,415,Yes,No,0
NY,54,510,Yes,No,0
SD,78,408,No,No,0
AK,100,415,No,Yes,29
WV,70,510,No,Yes,30
SC,111,510,No,No,0
VA,117,408,No,No,0
MS,68,415,No,No,0
SD,27,510,No,No,0
MN,91,415,No,No,0
AL,181,415,No,Yes,27
CO,118,415,No,Yes,36
ME,112,415,No,No,0
GA,93,415,No,No,0
AZ,102,408,No,No,0
MA,93,415,No,No,0
AZ,107,415,No,Yes,32
IN,100,415,No,Yes,32
DE,115,415,No,No,0
WI,63,510,No,Yes,13
ME,57,415,No,No,0
DC,119,408,No,Yes,26
GA,73,408,No,No,0
HI,98,408,No,Yes,30
VA,139,415,Yes,No,0
NY,31,408,No,Yes,28
PA,129,510,No,Yes,32
AR,115,415,No,No,0
HI,108,415,No,No,0
DE,139,408,No,No,0
WV,102,408,No,No,0
OK,149,408,No,No,0
OR,113,415,No,No,0
ND,131,408,No,Yes,33
MO,83,408,No,No,0
AR,96,415,No,Yes,21
GA,98,408,No,No,0
TN,3,415,No,No,0
MA,77,408,No,Yes,17
ND,75,408,No,Yes,24
IA,40,510,No,No,0
NJ,108,415,No,No,0
MT,100,415,No,No,0
AL,16,415,No,No,0
NY,115,510,No,Yes,16
PA,108,510,No,Yes,25
VT,107,510,No,No,0
NC,161,415,No,No,0
CT,147,415,No,No,0
MO,107,415,No,No,0
WV,120,510,No,No,0
NJ,107,408,No,Yes,36
AK,58,510,No,No,0
LA,91,408,No,No,0
AL,13,415,No,No,0
IN,104,408,No,No,0
MA,93,415,No,Yes,31
DE,95,510,No,No,0
SC,104,415,No,No,0
NH,35,408,No,No,0
LA,62,415,No,No,0
MS,143,510,No,No,0
NM,62,415,No,No,0
WA,60,415,Yes,No,0
SC,41,510,No,No,0
MT,34,415,No,Yes,14
ME,56,408,No,No,0
NM,183,415,No,No,0
AZ,94,415,No,No,0
CT,73,415,No,Yes,47
IL,123,408,No,No,0
IN,64,408,No,No,0
AR,127,415,Yes,No,0
RI,33,415,No,No,0
ND,27,415,No,No,0
NH,123,408,No,No,0
NV,148,510,No,No,0
UT,81,415,No,No,0
NC,122,510,No,Yes,30
MI,52,415,No,No,0
WI,91,408,No,Yes,44
AR,54,415,No,No,0
NH,152,510,No,No,0
TX,201,415,No,No,0
ID,78,415,No,No,0
CT,67,415,No,No,0
NH,100,408,No,No,0
WY,41,510,No,No,0
OR,133,415,No,No,0
SC,36,408,No,Yes,43
MD,51,510,No,Yes,28
NY,122,415,No,No,0
NM,84,408,No,Yes,41
LA,91,415,No,No,0
UT,110,408,No,No,0
AL,91,408,Yes,No,0
DE,121,408,No,No,0
WV,109,415,No,No,0
KY,95,510,No,No,0
NC,72,415,No,No,0
WV,73,415,No,No,0
AZ,108,415,No,No,0
WV,58,408,No,Yes,39
ND,148,415,Yes,No,0
WA,76,510,Yes,No,0
ID,103,415,No,No,0
CT,87,415,No,No,0
OK,35,510,No,Yes,37
IA,88,415,No,No,0
NE,67,415,No,Yes,41
ID,77,510,No,Yes,29
OR,124,510,No,No,0
SD,30,415,No,No,0
DE,53,415,No,Yes,32
WA,152,510,No,No,0
CT,100,510,Yes,No,0
MN,59,408,No,Yes,32
WA,143,510,No,No,0
PA,142,510,No,Yes,40
ID,105,408,No,No,0
MS,111,408,No,No,0
WA,143,510,No,No,0
DC,93,408,No,Yes,22
KY,79,415,No,No,0
OH,68,415,Yes,Yes,24
TN,93,510,Yes,No,0
ID,103,415,No,No,0
WV,144,510,No,Yes,38
WI,93,415,No,No,0
OK,149,510,Yes,No,0
WV,23,510,No,Yes,31
SD,221,510,No,Yes,24
KS,164,510,No,Yes,30
NC,104,415,No,Yes,18
NY,150,415,No,Yes,35
WI,184,408,No,Yes,12
SC,88,408,No,No,0
UT,61,415,Yes,Yes,29
NC,110,408,No,No,0
IN,115,415,No,No,0
AR,33,408,No,No,0
ME,100,510,No,No,0
NY,209,415,No,No,0
OR,27,510,No,No,0
IL,117,415,No,No,0
MA,87,408,No,No,0
CT,129,510,No,Yes,27
WI,142,510,No,No,0
OK,112,415,No,No,0
DE,75,510,No,Yes,28
AZ,97,408,No,Yes,25
AK,121,408,No,Yes,34
MI,142,415,Yes,No,0
WA,121,510,No,No,0
SD,87,415,No,Yes,33
SD,34,408,No,No,0
AK,177,415,Yes,No,0
MA,58,415,No,Yes,30
AR,113,415,Yes,No,0
KS,101,415,No,No,0
OR,89,415,No,No,0
NC,77,408,Yes,Yes,44
OK,146,510,No,No,0
NJ,93,415,No,No,0
OH,160,415,No,No,0
NM,55,415,No,No,0
OH,88,408,No,No,0
MI,63,510,No,No,0
KS,127,415,No,Yes,24
IL,57,415,No,Yes,30
RI,138,510,Yes,No,0
AR,115,408,No,No,0
NY,171,415,No,No,0
WY,148,408,No,No,0
NC,127,510,No,No,0
OR,61,415,No,No,0
VT,131,415,No,No,0
SD,88,408,No,No,0
DC,130,510,No,No,0
RI,89,415,No,Yes,24
ID,82,415,No,No,0
OK,138,510,No,Yes,33
MN,115,415,No,No,0
WA,84,415,No,No,0
WV,117,510,Yes,No,0
NH,60,415,No,No,0
WI,62,415,No,No,0
MD,133,510,No,No,0
IN,131,408,No,No,0
IN,65,408,No,No,0
NY,120,510,No,Yes,27
OR,142,510,No,Yes,22
OK,134,415,No,No,0
WI,87,415,No,No,0
NJ,139,415,No,Yes,43
AR,76,408,No,No,0
UT,100,408,No,No,0
DC,99,415,No,Yes,31
AK,99,510,No,No,0
AZ,48,415,No,Yes,27
KS,57,415,No,No,0
OH,106,415,No,Yes,30
KS,170,415,No,Yes,42
SC,78,415,No,No,0
TN,39,408,No,No,0
CA,127,510,No,No,0
MI,119,510,Yes,Yes,22
IN,114,408,No,No,0
RI,95,408,No,No,0
MO,116,408,No,No,0
TN,110,415,No,No,0
CT,74,510,No,No,0
ME,148,408,No,Yes,33
MD,83,510,No,No,0
NC,73,408,No,No,0
SC,111,415,No,Yes,21
CA,84,415,No,No,0
LA,75,510,Yes,No,0
WI,114,415,No,Yes,26
IL,71,510,Yes,No,0
IN,58,415,No,Yes,22
AL,106,408,No,Yes,29
OK,172,408,No,No,0
IA,45,415,No,No,0
VT,100,408,Yes,No,0
NY,94,415,No,No,0
LA,128,415,No,No,0
SC,181,408,No,No,0
ID,127,408,No,No,0
MO,89,415,No,No,0
ME,149,415,No,Yes,18
MS,103,510,No,Yes,29
SD,163,415,Yes,No,0
OK,52,415,No,No,0
WY,89,415,No,No,0
GA,122,510,Yes,No,0
VT,60,415,No,No,0
MD,62,408,No,No,0
IN,117,415,No,No,0
WV,159,415,No,No,0
OH,78,408,No,No,0
OH,96,415,No,No,0
SC,79,415,No,No,0
AZ,192,415,No,Yes,36
WV,68,415,No,No,0
RI,28,510,No,No,0
CT,184,510,Yes,No,0
TN,74,415,No,Yes,25
